,id,song,album,artist,acousticness,danceability,duration_ms,energy,instrumentalness,key,liveness,loudness,mode,speechiness,tempo,time_signature,valence,album_id,date
136,2yg9UN4eo5eMVJ7OB4RWj3,Survival,Scorpion,Drake,0.133,0.607,136187.0,0.596,0.0,9.0,0.123,-9.09,0.0,0.358,77.324,4.0,0.149,1ATL5GLyefJaxhQzSPVrLX,2018-06-29
137,0TlLq3lA83rQOYtrqBqSct,Nonstop,Scorpion,Drake,0.0164,0.912,238614.0,0.412,0.013,7.0,0.104,-8.074,1.0,0.124,154.983,4.0,0.422,1ATL5GLyefJaxhQzSPVrLX,2018-06-29
138,3szf2z1Cy1QMrtHrbn8rz9,Elevate,Scorpion,Drake,0.015,0.758,184960.0,0.474,0.0,1.0,0.116,-8.72,1.0,0.146,76.062,4.0,0.0541,1ATL5GLyefJaxhQzSPVrLX,2018-06-29
139,5Psnhdkyanjpgc2P8A5TSM,Emotionless,Scorpion,Drake,0.0249,0.413,302173.0,0.677,0.0,1.0,0.0793,-5.12,1.0,0.255,172.501,4.0,0.0845,1ATL5GLyefJaxhQzSPVrLX,2018-06-29
140,6DCZcSspjsKoFjzjrWoCdn,God's Plan,Scorpion,Drake,0.0332,0.754,198973.0,0.449,8.29e-05,7.0,0.552,-9.211,1.0,0.109,77.169,4.0,0.357,1ATL5GLyefJaxhQzSPVrLX,2018-06-29
141,3qN5qMTKyEEmiTZD38BNTT,I'm Upset,Scorpion,Drake,0.279,0.899,214467.0,0.586,0.0,11.0,0.0836,-7.866,0.0,0.344,150.001,4.0,0.492,1ATL5GLyefJaxhQzSPVrLX,2018-06-29
142,0zqy3ss4CwD6u4QPksS0nI,8 Out Of 10,Scorpion,Drake,0.161,0.529,195720.0,0.69,0.0,2.0,0.498,-7.87,1.0,0.74,170.54,4.0,0.311,1ATL5GLyefJaxhQzSPVrLX,2018-06-29
143,7rC5Pl8rQSX4myONQHYPBK,Mob Ties,Scorpion,Drake,0.0456,0.755,205147.0,0.575,0.00124,4.0,0.276,-8.393,0.0,0.0678,85.987,4.0,0.49,1ATL5GLyefJaxhQzSPVrLX,2018-06-29
144,1dUHF4RyMmMTveJ0Rby6Xm,Can’t Take A Joke,Scorpion,Drake,0.128,0.761,163974.0,0.598,0.0,10.0,0.0839,-7.249,0.0,0.182,173.897,4.0,0.447,1ATL5GLyefJaxhQzSPVrLX,2018-06-29
145,6cblRiEGDRNZgowcm951R3,Sandra’s Rose,Scorpion,Drake,0.0481,0.487,216333.0,0.849,0.0,1.0,0.143,-5.432,1.0,0.246,152.093,4.0,0.52,1ATL5GLyefJaxhQzSPVrLX,2018-06-29
146,4ksuI04WMvUnJbHQjgs3L5,Talk Up (feat. Jay-Z),Scorpion,Drake,0.00359,0.758,223240.0,0.49,6.61e-06,11.0,0.292,-9.877,1.0,0.139,140.116,4.0,0.335,1ATL5GLyefJaxhQzSPVrLX,2018-06-29
147,1Tnw0ItH1Macok8gblnPPd,Is There More,Scorpion,Drake,0.727,0.698,226907.0,0.547,0.0,1.0,0.159,-7.607,1.0,0.315,83.801,4.0,0.548,1ATL5GLyefJaxhQzSPVrLX,2018-06-29
148,11L064movtyopGdLiX4sVg,Peak,Scorpion,Drake,0.85,0.686,206027.0,0.215,0.000123,9.0,0.106,-13.54,0.0,0.0387,91.998,4.0,0.273,1ATL5GLyefJaxhQzSPVrLX,2018-06-29
149,4HG1YiGBseVKzjyKcmAJen,Summer Games,Scorpion,Drake,0.477,0.775,247893.0,0.482,0.0456,1.0,0.11,-11.269,1.0,0.0357,136.016,4.0,0.134,1ATL5GLyefJaxhQzSPVrLX,2018-06-29
150,4c2xt1trwYZpMqPWY35Xi9,Jaded,Scorpion,Drake,0.037,0.766,262453.0,0.271,0.0,0.0,0.175,-5.697,1.0,0.0412,116.02,4.0,0.0371,1ATL5GLyefJaxhQzSPVrLX,2018-06-29
151,3CA9pLiwRIGtUBiMjbZmRw,Nice For What,Scorpion,Drake,0.0891,0.586,210747.0,0.909,0.000109,8.0,0.119,-6.474,1.0,0.0705,93.394,4.0,0.757,1ATL5GLyefJaxhQzSPVrLX,2018-06-29
152,2WP8G2pdddDmnh1xbfKBOI,Finesse,Scorpion,Drake,0.133,0.807,182080.0,0.32,0.000328,0.0,0.101,-8.152,0.0,0.0582,94.99,4.0,0.298,1ATL5GLyefJaxhQzSPVrLX,2018-06-29
153,4SUwJA3eUVNHExxMPEUhQe,Ratchet Happy Birthday,Scorpion,Drake,0.106,0.657,207307.0,0.571,0.00121,2.0,0.0735,-12.519,1.0,0.14,167.961,4.0,0.626,1ATL5GLyefJaxhQzSPVrLX,2018-06-29
154,41a7dZcq30Ss5kPMayWRV0,That’s How You Feel,Scorpion,Drake,0.117,0.85,157605.0,0.473,0.0105,10.0,0.108,-5.747,0.0,0.209,85.454,4.0,0.38,1ATL5GLyefJaxhQzSPVrLX,2018-06-29
155,4n1bdaKwynQndm47x5HqWX,Blue Tint,Scorpion,Drake,0.013,0.888,162800.0,0.372,0.0,7.0,0.184,-10.254,0.0,0.358,133.998,4.0,0.123,1ATL5GLyefJaxhQzSPVrLX,2018-06-29
156,2G7V7zsVDxg1yRsu7Ew9RJ,In My Feelings,Scorpion,Drake,0.0589,0.835,217925.0,0.626,6e-05,1.0,0.396,-5.833,1.0,0.125,91.03,4.0,0.35,1ATL5GLyefJaxhQzSPVrLX,2018-06-29
157,6G8kHiVZ1jW7vHMPVRNZU0,Don’t Matter To Me (with Michael Jackson),Scorpion,Drake,0.493,0.826,245787.0,0.318,0.0131,10.0,0.11,-12.391,1.0,0.0574,103.002,4.0,0.138,1ATL5GLyefJaxhQzSPVrLX,2018-06-29
158,3mvYQKm8h6M5K5h0nVPY9S,After Dark (feat. Static Major & Ty Dolla $ign),Scorpion,Drake,0.0414,0.686,289560.0,0.428,0.0,2.0,0.138,-13.072,1.0,0.192,141.95,4.0,0.329,1ATL5GLyefJaxhQzSPVrLX,2018-06-29
159,44Du2IM1bGY7dicmLfXbUs,Final Fantasy,Scorpion,Drake,0.422,0.5,219960.0,0.448,8.03e-06,0.0,0.115,-10.977,1.0,0.442,144.204,1.0,0.104,1ATL5GLyefJaxhQzSPVrLX,2018-06-29
160,09lmraDvzBT3pUQ2rUtJzK,March 14,Scorpion,Drake,0.406,0.558,309560.0,0.415,0.0,10.0,0.36,-7.355,0.0,0.358,127.096,4.0,0.317,1ATL5GLyefJaxhQzSPVrLX,2018-06-29
273,0v2LUO8oTHnkjQ8MmKuXyk,raindrops (an angel cried),Sweetener,Ariana Grande,0.942,0.336,37640.0,0.231,0.0,1.0,0.188,-6.217,1.0,0.0497,168.685,5.0,0.429,3tx8gQqWbGwqIGZHqDNrGe,2018-08-17
274,4mLkiFppf8Xvem6BSY34qw,blazed (feat. Pharrell Williams),Sweetener,Ariana Grande,0.0793,0.795,196360.0,0.759,0.0,6.0,0.0805,-6.348,1.0,0.0528,110.021,4.0,0.855,3tx8gQqWbGwqIGZHqDNrGe,2018-08-17
275,0sdbFOyfgAhAhWq8DpzkaW,the light is coming (feat. Nicki Minaj),Sweetener,Ariana Grande,0.0122,0.877,228373.0,0.547,1.51e-05,7.0,0.028,-5.705,1.0,0.18,99.034,4.0,0.687,3tx8gQqWbGwqIGZHqDNrGe,2018-08-17
276,1xWH8zYtDeS9mW1JJG23VZ,R.E.M,Sweetener,Ariana Grande,0.375,0.831,245667.0,0.485,1.47e-05,10.0,0.118,-6.677,0.0,0.15,80.022,4.0,0.622,3tx8gQqWbGwqIGZHqDNrGe,2018-08-17
277,5OCJzvD7sykQEKHH7qAC3C,God is a woman,Sweetener,Ariana Grande,0.0233,0.602,197547.0,0.658,6e-05,1.0,0.237,-5.934,1.0,0.0558,145.031,4.0,0.268,3tx8gQqWbGwqIGZHqDNrGe,2018-08-17
278,70khXICDeTTxgYtw3EysKH,sweetener,Sweetener,Ariana Grande,0.248,0.721,208493.0,0.459,0.0,4.0,0.212,-6.408,1.0,0.032,119.914,4.0,0.46,3tx8gQqWbGwqIGZHqDNrGe,2018-08-17
279,5YeHLHDdQ4nKHk81XFWhCU,successful,Sweetener,Ariana Grande,0.107,0.847,227387.0,0.603,7.4e-06,0.0,0.106,-4.607,0.0,0.0397,114.045,4.0,0.735,3tx8gQqWbGwqIGZHqDNrGe,2018-08-17
280,0WdR2AyLW1Drd3OUdwezM0,everytime,Sweetener,Ariana Grande,0.186,0.71,172107.0,0.614,0.0,10.0,0.0974,-6.757,0.0,0.0431,148.152,4.0,0.658,3tx8gQqWbGwqIGZHqDNrGe,2018-08-17
281,4OafepJy2teCjYJbvFE60J,breathin,Sweetener,Ariana Grande,0.0211,0.568,198160.0,0.656,1.37e-05,8.0,0.213,-5.413,1.0,0.0433,100.049,4.0,0.364,3tx8gQqWbGwqIGZHqDNrGe,2018-08-17
282,2qT1uLXPVPzGgFOx4jtEuo,no tears left to cry,Sweetener,Ariana Grande,0.04,0.699,205920.0,0.713,3.11e-06,9.0,0.294,-5.507,0.0,0.0594,121.993,4.0,0.354,3tx8gQqWbGwqIGZHqDNrGe,2018-08-17
283,4b7mLZQWsy0rLnrMtPA9fQ,borderline (feat. Missy Elliott),Sweetener,Ariana Grande,0.058,0.761,177533.0,0.818,0.0,6.0,0.11,-5.238,0.0,0.0978,110.99,4.0,0.348,3tx8gQqWbGwqIGZHqDNrGe,2018-08-17
284,3NbTQ8ZbHU6MSEVUFAVCJ9,better off,Sweetener,Ariana Grande,0.216,0.597,171333.0,0.524,0.0,11.0,0.112,-7.247,1.0,0.0537,92.568,4.0,0.0549,3tx8gQqWbGwqIGZHqDNrGe,2018-08-17
285,14kYOiFVPb7E7NfFbqhdln,goodnight n go,Sweetener,Ariana Grande,0.0217,0.708,189507.0,0.454,0.0,1.0,0.073,-7.07,1.0,0.0395,110.963,4.0,0.24,3tx8gQqWbGwqIGZHqDNrGe,2018-08-17
286,0XOnMqLQDO89iAg7dWWwnG,pete davidson,Sweetener,Ariana Grande,0.43,0.652,73813.0,0.31,1.16e-05,4.0,0.182,-10.212,1.0,0.0509,119.913,4.0,0.304,3tx8gQqWbGwqIGZHqDNrGe,2018-08-17
287,7u6DMPznGbpziuEgCE0JGQ,get well soon,Sweetener,Ariana Grande,0.657,0.604,322027.0,0.449,0.0,9.0,0.0932,-6.564,0.0,0.0353,100.355,4.0,0.528,3tx8gQqWbGwqIGZHqDNrGe,2018-08-17
423,7oolFzHipTMg2nL7shhdz2,Eraser,÷ (Divide),Ed Sheeran,0.086,0.64,227427.0,0.812,0.0,8.0,0.0509,-5.647,0.0,0.0834,86.013,4.0,0.914,3T4tUhGYeRNVUGevb0wThu,2017-03-03
424,6PCUP3dWmTjcTtXY02oFdT,Castle on the Hill,÷ (Divide),Ed Sheeran,0.0232,0.461,261154.0,0.834,1.14e-05,2.0,0.14,-4.868,1.0,0.0989,135.007,4.0,0.471,3T4tUhGYeRNVUGevb0wThu,2017-03-03
425,51ChrwmUPDJvedPQnIU8Ls,Dive,÷ (Divide),Ed Sheeran,0.355,0.761,238440.0,0.386,0.0,4.0,0.0953,-6.158,1.0,0.0399,134.943,3.0,0.526,3T4tUhGYeRNVUGevb0wThu,2017-03-03
426,7qiZfU4dY1lWllzX7mPBI3,Shape of You,÷ (Divide),Ed Sheeran,0.581,0.825,233713.0,0.652,0.0,1.0,0.0931,-3.183,0.0,0.0802,95.977,4.0,0.931,3T4tUhGYeRNVUGevb0wThu,2017-03-03
427,0tgVpDi06FyKpA1z0VMD4v,Perfect,÷ (Divide),Ed Sheeran,0.163,0.599,263400.0,0.448,0.0,8.0,0.106,-6.312,1.0,0.0232,95.05,3.0,0.168,3T4tUhGYeRNVUGevb0wThu,2017-03-03
428,0afhq8XCExXpqazXczTSve,Galway Girl,÷ (Divide),Ed Sheeran,0.0735,0.624,170827.0,0.876,0.0,9.0,0.327,-3.374,1.0,0.1,99.943,4.0,0.781,3T4tUhGYeRNVUGevb0wThu,2017-03-03
429,2RttW7RAu5nOAfq6YFvApB,Happier,÷ (Divide),Ed Sheeran,0.536,0.522,207520.0,0.385,0.0,0.0,0.135,-7.355,1.0,0.0288,89.792,4.0,0.236,3T4tUhGYeRNVUGevb0wThu,2017-03-03
430,5HDPtsnyb3maFmPL8LLUTG,New Man,÷ (Divide),Ed Sheeran,0.0559,0.78,189280.0,0.745,0.0,7.0,0.0595,-3.97,1.0,0.145,94.026,4.0,0.862,3T4tUhGYeRNVUGevb0wThu,2017-03-03
431,2dfHh7ECGxfNqZTQno09Vk,Hearts Don't Break Around Here,÷ (Divide),Ed Sheeran,0.719,0.604,248413.0,0.366,0.0,7.0,0.162,-7.881,1.0,0.0267,105.177,3.0,0.181,3T4tUhGYeRNVUGevb0wThu,2017-03-03
432,2pJZ1v8HezrAoZ0Fhzby92,What Do I Know?,÷ (Divide),Ed Sheeran,0.251,0.838,237333.0,0.492,0.0,1.0,0.262,-5.69,0.0,0.038,115.092,4.0,0.895,3T4tUhGYeRNVUGevb0wThu,2017-03-03
433,6PJ8FF6UR8FZXfEvpHkIVN,How Would You Feel (Paean),÷ (Divide),Ed Sheeran,0.424,0.617,280533.0,0.439,0.0,9.0,0.127,-5.63,1.0,0.0269,139.979,4.0,0.242,3T4tUhGYeRNVUGevb0wThu,2017-03-03
434,4VuS959DSpr82t3qBqCrWG,Supermarket Flowers,÷ (Divide),Ed Sheeran,0.914,0.589,221107.0,0.242,0.0,6.0,0.0887,-10.517,1.0,0.0442,89.749,4.0,0.257,3T4tUhGYeRNVUGevb0wThu,2017-03-03
435,3Lfiu5sZ4M4B6JaKMBc0FU,Barcelona,÷ (Divide),Ed Sheeran,0.448,0.747,191147.0,0.76,0.0,1.0,0.153,-4.294,1.0,0.187,99.975,4.0,0.682,3T4tUhGYeRNVUGevb0wThu,2017-03-03
436,6SznMYPQJHzr3IwsAHLId2,Bibia Be Ye Ye,÷ (Divide),Ed Sheeran,0.52,0.738,176747.0,0.677,0.0,7.0,0.133,-5.121,1.0,0.0824,127.067,4.0,0.882,3T4tUhGYeRNVUGevb0wThu,2017-03-03
437,35QZaWQRkmnAVqBF1TLCxQ,Nancy Mulligan,÷ (Divide),Ed Sheeran,0.117,0.68,179787.0,0.852,0.0,7.0,0.0866,-4.35,1.0,0.0349,101.993,4.0,0.858,3T4tUhGYeRNVUGevb0wThu,2017-03-03
438,6TIU9Ehmi6dMzZK73Ym4yj,Save Myself,÷ (Divide),Ed Sheeran,0.85,0.552,247107.0,0.29,0.0,10.0,0.227,-5.617,1.0,0.0448,78.842,4.0,0.481,3T4tUhGYeRNVUGevb0wThu,2017-03-03
896,1E1uGhNdBe6Dddbgs2KqtZ,Jumpsuit,Trench,twenty one pilots,0.00849,0.62,238560.0,0.61,0.162,11.0,0.205,-8.329,0.0,0.0373,127.052,4.0,0.235,621cXqrTSSJi1WqDMSLmbL,2018-10-05
897,2uBhGx3m5iJrtsql8Qk00j,Levitate,Trench,twenty one pilots,0.0857,0.7,145947.0,0.934,0.226,6.0,0.114,-5.941,0.0,0.17,92.973,4.0,0.224,621cXqrTSSJi1WqDMSLmbL,2018-10-05
898,01vv2AjxgP4uUyb8waYO5Y,Morph,Trench,twenty one pilots,0.0747,0.734,258853.0,0.607,0.000577,8.0,0.0968,-7.249,0.0,0.0806,90.023,4.0,0.518,621cXqrTSSJi1WqDMSLmbL,2018-10-05
899,5HeKOKc4phmLn8e4I7EkzD,My Blood,Trench,twenty one pilots,0.0563,0.749,229120.0,0.723,0.022,1.0,0.0977,-6.609,1.0,0.0432,108.999,4.0,0.674,621cXqrTSSJi1WqDMSLmbL,2018-10-05
900,23OXdR7YuUBVWh5hSnYJau,Chlorine,Trench,twenty one pilots,0.0735,0.609,324467.0,0.674,0.06,10.0,0.345,-7.388,0.0,0.0548,90.009,4.0,0.315,621cXqrTSSJi1WqDMSLmbL,2018-10-05
901,5G6Gt9RtNaeIE418pd4yre,Smithereens,Trench,twenty one pilots,0.296,0.764,177040.0,0.548,1.01e-05,6.0,0.0769,-7.627,1.0,0.14,151.02,4.0,0.519,621cXqrTSSJi1WqDMSLmbL,2018-10-05
902,0sXvjZV7p4uvyPN4uQo3FH,Neon Gravestones,Trench,twenty one pilots,0.379,0.73,240267.0,0.427,0.000309,11.0,0.0893,-9.834,0.0,0.138,149.45,3.0,0.392,621cXqrTSSJi1WqDMSLmbL,2018-10-05
903,7I3skNaQdvZSS7zXY2VHId,The Hype,Trench,twenty one pilots,0.0105,0.53,265373.0,0.816,0.00061,9.0,0.379,-6.149,1.0,0.0503,87.019,4.0,0.371,621cXqrTSSJi1WqDMSLmbL,2018-10-05
904,5SehvGGC53A7SZKCLXQcyt,Nico And The Niners,Trench,twenty one pilots,0.0699,0.728,225040.0,0.602,7.01e-06,9.0,0.318,-7.748,0.0,0.185,140.081,4.0,0.328,621cXqrTSSJi1WqDMSLmbL,2018-10-05
905,6gFtgkh8ShkrJn52Cbdhxy,Cut My Lip,Trench,twenty one pilots,0.12,0.641,282613.0,0.561,0.0021,4.0,0.358,-5.856,1.0,0.0355,111.938,4.0,0.678,621cXqrTSSJi1WqDMSLmbL,2018-10-05
906,5INKIG4QNuD4xq7qZcfPzp,Bandito,Trench,twenty one pilots,0.256,0.661,330987.0,0.52,0.0246,11.0,0.105,-8.367,0.0,0.028,127.089,4.0,0.427,621cXqrTSSJi1WqDMSLmbL,2018-10-05
907,7daBwTiPNOVgoMUG4SICgh,Pet Cheetah,Trench,twenty one pilots,0.0615,0.653,198360.0,0.684,0.000387,7.0,0.27,-7.052,0.0,0.199,110.049,4.0,0.355,621cXqrTSSJi1WqDMSLmbL,2018-10-05
908,1CDVadnneswMxi6gBqJTtC,Legend,Trench,twenty one pilots,0.0948,0.716,172560.0,0.575,0.000257,0.0,0.0829,-6.209,1.0,0.0368,85.937,4.0,0.797,621cXqrTSSJi1WqDMSLmbL,2018-10-05
909,5HCXMBxZIVaVLXpyoqPM3g,Leave The City,Trench,twenty one pilots,0.726,0.506,280493.0,0.379,0.00458,4.0,0.0956,-11.64,0.0,0.0334,134.985,4.0,0.299,621cXqrTSSJi1WqDMSLmbL,2018-10-05
1224,2Gnsof1hvZzjE1xdLRpjtf,Over My Dead Body,Take Care,Drake,0.759,0.489,272573.0,0.57,2.1e-06,1.0,0.179,-10.291,1.0,0.306,185.516,4.0,0.584,6X1x82kppWZmDzlXXK3y3q,2011
1225,6Z01gUquJsjJC67uNWm6P0,Shot For Me,Take Care,Drake,0.0555,0.566,224720.0,0.465,0.0,2.0,0.567,-11.714,1.0,0.235,143.015,4.0,0.177,6X1x82kppWZmDzlXXK3y3q,2011
1226,6LxSe8YmdPxy095Ux6znaQ,Headlines,Take Care,Drake,0.365,0.636,235987.0,0.566,0.000353,6.0,0.0917,-7.16,0.0,0.106,151.894,4.0,0.425,6X1x82kppWZmDzlXXK3y3q,2011
1227,0V4l4GQhgnWQGtCWpvA7va,Crew Love,Take Care,Drake,0.227,0.418,208813.0,0.546,0.0,0.0,0.229,-9.057,0.0,0.238,160.152,4.0,0.294,6X1x82kppWZmDzlXXK3y3q,2011
1228,124NFj84ppZ5pAxTuVQYCQ,Take Care,Take Care,Drake,0.0267,0.629,277387.0,0.515,1.22e-05,0.0,0.0888,-10.358,0.0,0.265,121.845,4.0,0.299,6X1x82kppWZmDzlXXK3y3q,2011
1229,047fCsbO4NdmwCBn8pcUXl,Marvins Room,Take Care,Drake,0.646,0.492,347227.0,0.26,0.00178,9.0,0.0705,-17.341,0.0,0.0921,111.519,5.0,0.312,6X1x82kppWZmDzlXXK3y3q,2011
1230,1ZyudLFv35SRvY5SvTZqJx,Buried Alive Interlude,Take Care,Drake,0.412,0.711,150960.0,0.543,0.0,0.0,0.505,-12.692,1.0,0.112,102.01,4.0,0.801,6X1x82kppWZmDzlXXK3y3q,2011
1231,1D9XLqQp2YYiOxrr5KLb8K,Under Ground Kings,Take Care,Drake,5.2e-05,0.487,212613.0,0.712,0.0,8.0,0.198,-7.323,1.0,0.27,156.209,4.0,0.397,6X1x82kppWZmDzlXXK3y3q,2011
1232,7udsBKuqnJ5csWTAkR0vEI,We'll Be Fine,Take Care,Drake,0.00171,0.386,247947.0,0.488,0.0,1.0,0.64,-7.303,0.0,0.422,193.397,4.0,0.217,6X1x82kppWZmDzlXXK3y3q,2011
1233,7yfg0Eer6UZZt5tZ1XdsWz,Make Me Proud,Take Care,Drake,0.00268,0.684,219893.0,0.486,0.000148,1.0,0.157,-10.155,1.0,0.132,131.913,4.0,0.355,6X1x82kppWZmDzlXXK3y3q,2011
1234,1QBwk6GTCxVdC2hoSw9tlM,Lord Knows,Take Care,Drake,0.0786,0.417,307640.0,0.887,0.0,5.0,0.834,-5.551,0.0,0.367,167.579,4.0,0.303,6X1x82kppWZmDzlXXK3y3q,2011
1235,2FbGlEPAjNhWvrVvlentVq,Cameras / Good Ones Go Interlude - Medley,Take Care,Drake,0.255,0.441,434960.0,0.403,1.27e-05,2.0,0.13,-11.18,0.0,0.147,139.92,4.0,0.158,6X1x82kppWZmDzlXXK3y3q,2011
1236,4eSGSqP2TZvvX0kadZZttM,Doing It Wrong,Take Care,Drake,0.841,0.397,265120.0,0.172,6.78e-05,6.0,0.108,-15.698,0.0,0.0445,101.275,4.0,0.123,6X1x82kppWZmDzlXXK3y3q,2011
1237,74atKkOasLOVzvqB6mYgga,The Real Her,Take Care,Drake,0.166,0.567,321080.0,0.309,0.0,8.0,0.12,-14.254,1.0,0.385,65.041,4.0,0.509,6X1x82kppWZmDzlXXK3y3q,2011
1238,7t1lBIr3WIEtqQEOdZFMUf,Look What You've Done,Take Care,Drake,0.485,0.495,301960.0,0.351,0.0,3.0,0.0967,-14.669,0.0,0.34,134.369,4.0,0.271,6X1x82kppWZmDzlXXK3y3q,2011
1239,0m1KYWlT6LhFRBDVq9UNx4,HYFR (Hell Ya Fucking Right),Take Care,Drake,0.123,0.444,206627.0,0.627,0.0,7.0,0.0795,-8.744,0.0,0.252,98.21,3.0,0.359,6X1x82kppWZmDzlXXK3y3q,2011
1240,0jF2AdhsalO1L7KkhK4LE5,Practice,Take Care,Drake,0.574,0.446,237733.0,0.239,7.76e-05,1.0,0.12,-15.327,1.0,0.0876,104.675,4.0,0.31,6X1x82kppWZmDzlXXK3y3q,2011
1241,4xRxYWgAtL6pzRz94GlZlA,The Ride,Take Care,Drake,0.517,0.556,351000.0,0.702,0.0,0.0,0.343,-10.079,0.0,0.205,155.948,4.0,0.793,6X1x82kppWZmDzlXXK3y3q,2011
1242,4Kz4RdRCceaA9VgTqBhBfa,The Motto,Take Care,Drake,0.000107,0.766,181573.0,0.442,6.12e-05,1.0,0.111,-8.558,1.0,0.356,201.8,4.0,0.39,6X1x82kppWZmDzlXXK3y3q,2011
1264,7sBwAWyXfiIgrYQ8BaJESH,Keep The Family Close,Views,Drake,0.137,0.4,328907.0,0.574,0.0,9.0,0.381,-7.593,0.0,0.0494,128.584,4.0,0.199,40GMAhriYJRO1rsY4YdrZb,2016-05-06
1265,1C7KSXR2GVxknex6I4ANco,9,Views,Drake,0.000855,0.7,255787.0,0.721,0.00112,2.0,0.257,-7.296,1.0,0.0447,100.003,4.0,0.0378,40GMAhriYJRO1rsY4YdrZb,2016-05-06
1266,03L2AoiRbWhvt7BDMx1jUB,U With Me?,Views,Drake,0.352,0.44,297373.0,0.421,1.33e-05,6.0,0.136,-11.399,0.0,0.154,87.629,4.0,0.116,40GMAhriYJRO1rsY4YdrZb,2016-05-06
1267,3cjF2OFRmip8spwZYQRKxP,Feel No Ways,Views,Drake,0.0319,0.589,240653.0,0.673,5.68e-06,7.0,0.108,-7.082,1.0,0.167,193.783,4.0,0.209,40GMAhriYJRO1rsY4YdrZb,2016-05-06
1268,5NFYuqu8V6QXc6mzcLImd6,Hype,Views,Drake,0.0244,0.789,209413.0,0.608,0.0,7.0,0.368,-8.288,1.0,0.189,129.958,4.0,0.271,40GMAhriYJRO1rsY4YdrZb,2016-05-06
1269,4PA16FAl8LPmFmOhARawdV,Weston Road Flows,Views,Drake,0.0819,0.613,253533.0,0.738,0.0,6.0,0.32,-6.926,1.0,0.311,82.833,4.0,0.341,40GMAhriYJRO1rsY4YdrZb,2016-05-06
1270,4cRBqWBjuccCowYVHFlXK6,Redemption,Views,Drake,0.618,0.635,333947.0,0.319,1.69e-06,0.0,0.117,-8.727,1.0,0.118,118.844,4.0,0.327,40GMAhriYJRO1rsY4YdrZb,2016-05-06
1271,3aJkV6DUTSCqOwVwaBDG9B,With You,Views,Drake,0.132,0.876,195053.0,0.41,0.000188,1.0,0.112,-10.034,1.0,0.262,127.956,4.0,0.816,40GMAhriYJRO1rsY4YdrZb,2016-05-06
1272,2qLcJOLrh6Djda4uLbldSA,Faithful,Views,Drake,0.0863,0.533,290133.0,0.445,1.49e-05,1.0,0.322,-10.543,1.0,0.111,100.136,4.0,0.19,40GMAhriYJRO1rsY4YdrZb,2016-05-06
1273,433P7tDcIAi6NLnf4Sh6tI,Still Here,Views,Drake,0.0237,0.836,189853.0,0.439,0.0,0.0,0.617,-9.628,1.0,0.148,133.937,3.0,0.241,40GMAhriYJRO1rsY4YdrZb,2016-05-06
1274,3O8NlPh2LByMU9lSRSHedm,Controlla,Views,Drake,0.0873,0.545,245227.0,0.478,0.0,10.0,0.114,-11.066,0.0,0.287,92.326,4.0,0.317,40GMAhriYJRO1rsY4YdrZb,2016-05-06
1275,1zi7xx7UVEFkmKfv06H8x0,One Dance,Views,Drake,0.00842,0.796,173987.0,0.61,0.00286,1.0,0.351,-5.857,1.0,0.0516,103.99,4.0,0.391,40GMAhriYJRO1rsY4YdrZb,2016-05-06
1276,5e574bhjycX1eH2l4Auage,Grammys,Views,Drake,0.00201,0.711,220427.0,0.441,2.59e-06,1.0,0.08,-9.516,1.0,0.466,145.198,4.0,0.115,40GMAhriYJRO1rsY4YdrZb,2016-05-06
1277,3NxAG2ni1lLa8RKL6a0INc,Childs Play,Views,Drake,0.0145,0.739,241400.0,0.472,7.27e-06,1.0,0.207,-11.204,1.0,0.156,80.03,4.0,0.289,40GMAhriYJRO1rsY4YdrZb,2016-05-06
1278,5mPSyjLatqB00IkPqRlbTE,Pop Style,Views,Drake,0.187,0.718,212947.0,0.458,3.43e-06,4.0,0.105,-10.024,0.0,0.117,132.998,4.0,0.0514,40GMAhriYJRO1rsY4YdrZb,2016-05-06
1279,3BtuIIrQlkujKPuWF2B85z,Too Good,Views,Drake,0.0662,0.82,263373.0,0.641,5.07e-05,4.0,0.102,-7.811,0.0,0.116,117.974,4.0,0.395,40GMAhriYJRO1rsY4YdrZb,2016-05-06
1280,3ppVO2tyWRRznNmONvt7Se,Summers Over Interlude,Views,Drake,0.325,0.688,106333.0,0.278,0.00601,4.0,0.101,-8.804,0.0,0.0299,132.02,3.0,0.32,40GMAhriYJRO1rsY4YdrZb,2016-05-06
1281,4BhGTc3Cgay2U1QcTS7vQe,Fire & Desire,Views,Drake,0.0829,0.711,238120.0,0.254,0.0,1.0,0.0865,-14.404,0.0,0.0863,79.904,4.0,0.253,40GMAhriYJRO1rsY4YdrZb,2016-05-06
1282,7MjSipTto9QljYzZnloXOn,Views,Views,Drake,0.0618,0.589,311960.0,0.869,0.0,5.0,0.239,-5.827,1.0,0.311,80.007,4.0,0.0737,40GMAhriYJRO1rsY4YdrZb,2016-05-06
1283,0wwPcA6wtMf6HUMpIRdeP7,Hotline Bling,Views,Drake,0.00302,0.903,267067.0,0.621,0.000186,2.0,0.0504,-8.132,1.0,0.0578,134.969,4.0,0.553,40GMAhriYJRO1rsY4YdrZb,2016-05-06
1440,5TvFfDlVoUWZvfqrhTJzD7,One,x,Ed Sheeran,0.877,0.464,252760.0,0.321,0.0,2.0,0.0789,-11.12,1.0,0.0418,93.528,4.0,0.306,1xn54DMo2qIqBuMqHtUsFd,2014-06-21
1441,0xCA70t1ZA4fa9UOE0lIJm,I'm A Mess,x,Ed Sheeran,0.556,0.697,244573.0,0.377,0.0,3.0,0.0999,-7.755,1.0,0.0397,138.754,4.0,0.336,1xn54DMo2qIqBuMqHtUsFd,2014-06-21
1442,6K8qKeWo5MsFED7wCR6Kop,Sing,x,Ed Sheeran,0.304,0.818,235382.0,0.67,1.22e-06,8.0,0.0601,-4.451,0.0,0.0472,119.988,4.0,0.939,1xn54DMo2qIqBuMqHtUsFd,2014-06-21
1443,1huvTbEYtgltjQRXzrNKGi,Don't,x,Ed Sheeran,0.0113,0.806,219840.0,0.608,0.0,1.0,0.635,-7.008,1.0,0.0659,95.049,4.0,0.849,1xn54DMo2qIqBuMqHtUsFd,2014-06-21
1444,3GKSfF6c3Rv3a1knSjxnXa,Nina,x,Ed Sheeran,0.175,0.791,225533.0,0.669,0.0,6.0,0.33,-7.189,0.0,0.146,92.013,4.0,0.809,1xn54DMo2qIqBuMqHtUsFd,2014-06-21
1445,1HNkqx9Ahdgi1Ixy2xkKkL,Photograph,x,Ed Sheeran,0.607,0.614,258987.0,0.379,0.000464,4.0,0.0986,-10.48,1.0,0.0476,107.989,4.0,0.201,1xn54DMo2qIqBuMqHtUsFd,2014-06-21
1446,5v4sZRuvWDcisoOk1PFv6T,Bloodstream,x,Ed Sheeran,0.529,0.66,300253.0,0.316,0.000294,3.0,0.104,-11.567,0.0,0.0364,91.207,4.0,0.543,1xn54DMo2qIqBuMqHtUsFd,2014-06-21
1447,1HbcclMpw0q2WDWpdGCKdS,Tenerife Sea,x,Ed Sheeran,0.697,0.53,241347.0,0.346,1.07e-05,8.0,0.105,-10.497,1.0,0.0376,121.876,4.0,0.359,1xn54DMo2qIqBuMqHtUsFd,2014-06-21
1448,2VmA7bm5ECiYZfw7x4Nzku,Runaway,x,Ed Sheeran,0.024,0.767,205133.0,0.449,0.000299,8.0,0.151,-7.158,0.0,0.0364,95.03,4.0,0.908,1xn54DMo2qIqBuMqHtUsFd,2014-06-21
1449,1gHF0I223J5pv06SuBcmkz,The Man,x,Ed Sheeran,0.576,0.759,250427.0,0.725,0.0,11.0,0.0771,-7.006,0.0,0.158,87.467,4.0,0.619,1xn54DMo2qIqBuMqHtUsFd,2014-06-21
1450,34gCuhDGsG4bRPIf9bb02f,Thinking Out Loud,x,Ed Sheeran,0.474,0.781,281560.0,0.445,0.0,2.0,0.184,-6.061,1.0,0.0295,78.998,4.0,0.591,1xn54DMo2qIqBuMqHtUsFd,2014-06-21
1451,12B0Twa9kRz45Xw2PgXHJm,Afire Love,x,Ed Sheeran,0.464,0.552,314280.0,0.637,1.63e-05,5.0,0.136,-6.568,1.0,0.0445,97.97,4.0,0.333,1xn54DMo2qIqBuMqHtUsFd,2014-06-21
1452,2dmOWlEHrP266Qgz6wnUrd,Take It Back,x,Ed Sheeran,0.318,0.754,208400.0,0.613,0.0,5.0,0.335,-6.342,1.0,0.229,113.196,4.0,0.904,1xn54DMo2qIqBuMqHtUsFd,2014-06-21
1453,7awwmuGslmuyhnlpFipDqk,Shirtsleeves,x,Ed Sheeran,0.319,0.752,190227.0,0.76,0.0,2.0,0.335,-5.34,1.0,0.0341,107.034,4.0,0.752,1xn54DMo2qIqBuMqHtUsFd,2014-06-21
1454,0N5zjRnf8AreOm95iSBXF4,Even My Dad Does Sometimes,x,Ed Sheeran,0.756,0.58,228533.0,0.318,0.000171,2.0,0.117,-8.926,1.0,0.0279,129.757,3.0,0.295,1xn54DMo2qIqBuMqHtUsFd,2014-06-21
1455,5pY3ovFxbvAg7reGZjJQSp,I See Fire,x,Ed Sheeran,0.638,0.641,299147.0,0.176,5.14e-06,6.0,0.252,-11.692,1.0,0.0349,76.031,4.0,0.297,1xn54DMo2qIqBuMqHtUsFd,2014-06-21
1570,05KOgYg8PGeJyyWBPi5ja8,Free Smoke,More Life,Drake,0.0621,0.617,218674.0,0.492,0.0,10.0,0.484,-7.588,0.0,0.448,141.953,4.0,0.208,1lXY618HWkwYKJWBRYR4MK,2017-03-18
1571,6CfrYuD3YRDYdYvH9jNtXY,No Long Talk,More Life,Drake,0.0626,0.919,149569.0,0.627,0.0,10.0,0.529,-6.764,0.0,0.234,97.076,4.0,0.52,1lXY618HWkwYKJWBRYR4MK,2017-03-18
1572,5mCPDVBb16L4XQwDdbRUpz,Passionfruit,More Life,Drake,0.304,0.804,298941.0,0.459,0.0862,11.0,0.11,-11.556,1.0,0.039,111.963,4.0,0.372,1lXY618HWkwYKJWBRYR4MK,2017-03-18
1573,13e6f8t7RKXuxZ0JdaaJRG,Jorja Interlude,More Life,Drake,0.755,0.719,107673.0,0.354,0.00969,11.0,0.349,-10.461,1.0,0.104,123.152,4.0,0.205,1lXY618HWkwYKJWBRYR4MK,2017-03-18
1574,7y6c07pgjZvtHI9kuMVqk1,Get It Together,More Life,Drake,0.0896,0.78,250337.0,0.729,0.422,5.0,0.104,-9.138,0.0,0.0493,123.009,4.0,0.844,1lXY618HWkwYKJWBRYR4MK,2017-03-18
1575,76gUmNLXGQVOsGhfcshkFP,Madiba Riddim,More Life,Drake,0.235,0.834,205163.0,0.527,0.00968,7.0,0.632,-10.4,1.0,0.193,105.86,4.0,0.319,1lXY618HWkwYKJWBRYR4MK,2017-03-18
1576,2XlHu0HcujBCkWMdIAvrqt,Blem,More Life,Drake,0.0521,0.724,216558.0,0.548,7.4e-06,7.0,0.104,-8.062,0.0,0.0497,98.017,4.0,0.392,1lXY618HWkwYKJWBRYR4MK,2017-03-18
1577,2fkeWbM6iqTw7oGHTYm2lw,4422,More Life,Drake,0.499,0.621,186293.0,0.247,0.0239,11.0,0.113,-12.291,0.0,0.0393,111.974,4.0,0.221,1lXY618HWkwYKJWBRYR4MK,2017-03-18
1578,6UjfByV1lDLW0SOVQA4NAi,Gyalchester,More Life,Drake,0.0343,0.872,189230.0,0.389,0.000679,1.0,0.0941,-8.343,1.0,0.0634,131.012,4.0,0.156,1lXY618HWkwYKJWBRYR4MK,2017-03-18
1579,2dfqS3MRtbLZSZA1IL8xY5,Skepta Interlude,More Life,Drake,0.0117,0.801,143214.0,0.813,3.79e-06,7.0,0.157,-6.404,1.0,0.23,129.962,4.0,0.403,1lXY618HWkwYKJWBRYR4MK,2017-03-18
1580,2bjwRfXMk4uRgOD9IBYl9h,Portland,More Life,Drake,0.0143,0.924,236615.0,0.444,0.0,1.0,0.26,-8.227,1.0,0.243,136.088,4.0,0.314,1lXY618HWkwYKJWBRYR4MK,2017-03-18
1581,0xl1w2q4VLojeXp4JfazPL,Sacrifices,More Life,Drake,0.0463,0.903,307593.0,0.432,0.0,8.0,0.111,-11.885,1.0,0.426,139.028,4.0,0.555,1lXY618HWkwYKJWBRYR4MK,2017-03-18
1582,6MbH1QiphMCPTqVEVC7UYi,Nothings Into Somethings,More Life,Drake,0.379,0.76,153725.0,0.227,0.0017,11.0,0.355,-8.327,0.0,0.15,96.912,4.0,0.279,1lXY618HWkwYKJWBRYR4MK,2017-03-18
1583,6n3HGiq4v35D6eFOSwqYuo,Teenage Fever,More Life,Drake,0.11,0.768,219692.0,0.282,0.0208,8.0,0.113,-10.348,0.0,0.0863,97.043,4.0,0.175,1lXY618HWkwYKJWBRYR4MK,2017-03-18
1584,2jTujnt0y344ai1rNOywgr,KMT,More Life,Drake,0.0143,0.872,162638.0,0.623,0.0214,1.0,0.125,-6.984,1.0,0.0446,119.983,4.0,0.0883,1lXY618HWkwYKJWBRYR4MK,2017-03-18
1585,2Na0z2gfN67Rzf0vp74Wi3,Lose You,More Life,Drake,0.736,0.519,305374.0,0.576,0.0,4.0,0.371,-9.162,1.0,0.414,87.983,4.0,0.373,1lXY618HWkwYKJWBRYR4MK,2017-03-18
1586,5f5r2N4Lp9WoULWPH9zp2W,Can't Have Everything,More Life,Drake,0.0111,0.636,228438.0,0.568,0.0,1.0,0.117,-8.441,1.0,0.419,82.495,4.0,0.438,1lXY618HWkwYKJWBRYR4MK,2017-03-18
1587,28irpKCCK9nn9DZSik2zEx,Glow,More Life,Drake,0.227,0.669,206120.0,0.385,0.0,0.0,0.7,-8.901,1.0,0.378,162.039,4.0,0.391,1lXY618HWkwYKJWBRYR4MK,2017-03-18
1588,5JUu0unA8VwhTZ9LkMWUVI,Since Way Back,More Life,Drake,0.352,0.429,368036.0,0.275,6.58e-06,0.0,0.185,-11.156,1.0,0.161,76.683,4.0,0.258,1lXY618HWkwYKJWBRYR4MK,2017-03-18
1589,343YBumqHu19cGoGARUTsd,Fake Love,More Life,Drake,0.108,0.927,210937.0,0.488,0.0,9.0,0.196,-9.433,0.0,0.42,133.987,4.0,0.605,1lXY618HWkwYKJWBRYR4MK,2017-03-18
1590,7bJ4mu7MHa3rHiNyKjOoSl,Ice Melts,More Life,Drake,0.0754,0.813,250770.0,0.558,0.0,9.0,0.385,-7.559,1.0,0.337,124.949,4.0,0.631,1lXY618HWkwYKJWBRYR4MK,2017-03-18
1591,2KvHC9z14GSl4YpkNMX384,Do Not Disturb,More Life,Drake,0.234,0.787,283551.0,0.69,0.0,7.0,0.112,-6.206,0.0,0.404,171.029,4.0,0.465,1lXY618HWkwYKJWBRYR4MK,2017-03-18
1752,6b8Be6ljOzmkOmFslEb23P,24K Magic,24K Magic,Bruno Mars,0.034,0.818,225983.0,0.803,0.0,1.0,0.153,-4.282,1.0,0.0797,106.97,4.0,0.632,4PgleR09JVnm3zY1fW3XBA,2016-11-17
1753,0mBKv9DkYfQHjdMcw2jdyI,Chunky,24K Magic,Bruno Mars,0.0208,0.571,186973.0,0.539,0.0,5.0,0.125,-4.446,0.0,0.116,202.103,4.0,0.727,4PgleR09JVnm3zY1fW3XBA,2016-11-17
1754,1I6pKIyaBp4OebTGLJpCCC,Perm,24K Magic,Bruno Mars,0.0145,0.853,210053.0,0.871,6.84e-05,8.0,0.198,-3.715,1.0,0.0851,124.021,4.0,0.863,4PgleR09JVnm3zY1fW3XBA,2016-11-17
1755,0KKkJNfGyhkQ5aFogxQAPU,That's What I Like,24K Magic,Bruno Mars,0.013,0.853,206693.0,0.56,0.0,1.0,0.0944,-4.961,1.0,0.0406,134.066,4.0,0.86,4PgleR09JVnm3zY1fW3XBA,2016-11-17
1756,0kN8xEmgMW9mh7UmDYHlJP,Versace On The Floor,24K Magic,Bruno Mars,0.196,0.578,261240.0,0.574,0.0,2.0,0.083,-6.209,1.0,0.0454,174.152,4.0,0.301,4PgleR09JVnm3zY1fW3XBA,2016-11-17
1757,2mrZYZGmPFV3QOyYPZ1zsn,Straight Up & Down,24K Magic,Bruno Mars,0.0209,0.552,198187.0,0.733,0.0,3.0,0.0858,-6.898,0.0,0.0933,143.56,4.0,0.643,4PgleR09JVnm3zY1fW3XBA,2016-11-17
1758,6ObpR8ek44tvWefQRcSo8K,Calling All My Lovelies,24K Magic,Bruno Mars,0.0392,0.662,250080.0,0.705,2.38e-06,1.0,0.105,-6.56,0.0,0.0399,159.996,4.0,0.865,4PgleR09JVnm3zY1fW3XBA,2016-11-17
1759,5XMkENs3GfeRza8MfVAhjK,Finesse,24K Magic,Bruno Mars,0.00781,0.741,191000.0,0.798,0.0,5.0,0.0232,-5.342,0.0,0.0718,104.953,4.0,0.939,4PgleR09JVnm3zY1fW3XBA,2016-11-17
1760,0B0tYbVp7pDQAqKDhgMeaL,Too Good To Say Goodbye,24K Magic,Bruno Mars,0.0389,0.587,281827.0,0.63,0.0,2.0,0.35,-6.054,1.0,0.0311,76.97,4.0,0.433,4PgleR09JVnm3zY1fW3XBA,2016-11-17
1964,7i9763l5SSfOnqZ35VOcfy,Heavydirtysoul,Blurryface,twenty one pilots,0.00397,0.613,234813.0,0.873,0.00111,7.0,0.367,-6.376,0.0,0.0449,129.989,4.0,0.392,3cQO7jp5S9qLBoIVtbkSM1,2015-05-15
1965,3CRDbSIZ4r5MsZ0YwxuEkn,Stressed Out,Blurryface,twenty one pilots,0.0462,0.734,202333.0,0.637,2.29e-05,4.0,0.0602,-5.677,0.0,0.141,169.977,4.0,0.648,3cQO7jp5S9qLBoIVtbkSM1,2015-05-15
1966,2Z8WuEywRWYTKe1NybPQEW,Ride,Blurryface,twenty one pilots,0.00835,0.645,214507.0,0.713,0.0,6.0,0.113,-5.355,1.0,0.0393,74.989,4.0,0.566,3cQO7jp5S9qLBoIVtbkSM1,2015-05-15
1967,1s9xuJxhYM0LdVqksjegcg,Fairly Local,Blurryface,twenty one pilots,0.0396,0.715,207160.0,0.723,8.57e-05,6.0,0.084,-5.993,0.0,0.0569,114.985,4.0,0.479,3cQO7jp5S9qLBoIVtbkSM1,2015-05-15
1968,3bnVBN67NBEzedqQuWrpP4,Tear in My Heart,Blurryface,twenty one pilots,0.0189,0.655,188493.0,0.632,0.0,2.0,0.0722,-4.802,1.0,0.0489,120.113,4.0,0.447,3cQO7jp5S9qLBoIVtbkSM1,2015-05-15
1969,2P61EK6DMGyVyssLWS4fKy,Lane Boy,Blurryface,twenty one pilots,0.0573,0.616,253093.0,0.811,1.57e-05,7.0,0.0566,-4.804,1.0,0.0626,159.929,4.0,0.913,3cQO7jp5S9qLBoIVtbkSM1,2015-05-15
1970,1lguQJjlNrIOoOylYVZN3M,The Judge,Blurryface,twenty one pilots,0.177,0.423,297760.0,0.797,0.0,0.0,0.137,-4.659,1.0,0.124,82.617,4.0,0.592,3cQO7jp5S9qLBoIVtbkSM1,2015-05-15
1971,57yL3161hUMuw06zzzUCHi,Doubt,Blurryface,twenty one pilots,0.121,0.719,191493.0,0.645,0.00316,2.0,0.362,-6.141,0.0,0.0358,123.02,4.0,0.69,3cQO7jp5S9qLBoIVtbkSM1,2015-05-15
1972,6GmkJJMe9U1tEcrJ3Hq3A1,Polarize,Blurryface,twenty one pilots,0.122,0.597,226787.0,0.666,0.00302,6.0,0.1,-6.365,0.0,0.0418,164.992,4.0,0.626,3cQO7jp5S9qLBoIVtbkSM1,2015-05-15
1973,22OqansuvEMQu9W0EfiGTI,We Don't Believe What's on TV,Blurryface,twenty one pilots,0.23,0.547,177200.0,0.936,3.04e-06,9.0,0.172,-4.023,1.0,0.102,120.003,4.0,0.642,3cQO7jp5S9qLBoIVtbkSM1,2015-05-15
1974,4Oyl6oYSNeeZZP0OAxPVaU,Message Man,Blurryface,twenty one pilots,0.0897,0.715,240080.0,0.838,0.0,2.0,0.15,-6.077,0.0,0.118,120.007,4.0,0.497,3cQO7jp5S9qLBoIVtbkSM1,2015-05-15
1975,40sRwFjfrRnaTdYPJIg4CP,Hometown,Blurryface,twenty one pilots,0.0577,0.683,234947.0,0.753,0.00208,2.0,0.357,-5.564,0.0,0.0317,120.03,4.0,0.389,3cQO7jp5S9qLBoIVtbkSM1,2015-05-15
1976,7qxjGHW485TL8ciwkHD5MK,Not Today,Blurryface,twenty one pilots,0.0605,0.77,238040.0,0.706,0.00182,2.0,0.0985,-4.705,1.0,0.0302,115.011,4.0,0.527,3cQO7jp5S9qLBoIVtbkSM1,2015-05-15
1977,5P3yUXUC9rZPJPNmYGKEAz,Goner,Blurryface,twenty one pilots,0.194,0.565,236733.0,0.437,7.14e-06,6.0,0.0656,-7.68,0.0,0.0403,96.132,3.0,0.217,3cQO7jp5S9qLBoIVtbkSM1,2015-05-15
2059,4TZdeM7zelZGz6JPrXSEZ1,Moonlight,Dangerous Woman,Ariana Grande,0.417,0.626,202360.0,0.412,3.55e-06,9.0,0.048,-7.339,1.0,0.0292,102.169,3.0,0.209,3OZgEywV4krCZ814pTJWr7,2016-05-20
2060,7l94dyN2hX9c6wWcZQuOGJ,Dangerous Woman,Dangerous Woman,Ariana Grande,0.0529,0.662,235947.0,0.602,0.0,4.0,0.356,-5.369,0.0,0.0401,133.969,3.0,0.29,3OZgEywV4krCZ814pTJWr7,2016-05-20
2061,6f5TuB9WtbA1g49A4DcMQ4,Be Alright,Dangerous Woman,Ariana Grande,0.169,0.813,179293.0,0.456,2.85e-06,1.0,0.105,-7.667,0.0,0.0685,108.801,4.0,0.587,3OZgEywV4krCZ814pTJWr7,2016-05-20
2062,2meEiZKWkiN28gITzFwQo5,Into You,Dangerous Woman,Ariana Grande,0.0162,0.623,244453.0,0.734,1.9e-06,9.0,0.145,-5.95,1.0,0.107,107.853,4.0,0.372,3OZgEywV4krCZ814pTJWr7,2016-05-20
2063,1pKeFVVUOPjFsOABub0OaV,Side To Side,Dangerous Woman,Ariana Grande,0.0513,0.65,226160.0,0.736,0.0,6.0,0.235,-5.84,0.0,0.229,159.174,4.0,0.612,3OZgEywV4krCZ814pTJWr7,2016-05-20
2064,5AKlnLpP3WLwZseNbjquND,Let Me Love You,Dangerous Woman,Ariana Grande,0.0295,0.528,223853.0,0.435,0.0,2.0,0.243,-8.363,1.0,0.129,102.704,3.0,0.0781,3OZgEywV4krCZ814pTJWr7,2016-05-20
2065,2tpIAmAq9orm1Owh5pja1w,Greedy,Dangerous Woman,Ariana Grande,0.0323,0.62,214907.0,0.705,0.0,1.0,0.092,-5.335,1.0,0.0989,109.974,4.0,0.844,3OZgEywV4krCZ814pTJWr7,2016-05-20
2066,0zXXqCxifU2u8jfW2r4POb,Leave Me Lonely,Dangerous Woman,Ariana Grande,0.596,0.445,229680.0,0.449,2.34e-05,8.0,0.339,-7.472,0.0,0.0315,90.927,3.0,0.374,3OZgEywV4krCZ814pTJWr7,2016-05-20
2067,6yL2kTsdVwYnGwPkKGtMd5,Everyday,Dangerous Woman,Ariana Grande,0.0152,0.637,194840.0,0.733,0.0,7.0,0.162,-4.387,0.0,0.0553,131.005,4.0,0.432,3OZgEywV4krCZ814pTJWr7,2016-05-20
2068,1FlYPPzFJUNh3KRE36pYbe,Sometimes,Dangerous Woman,Ariana Grande,0.0901,0.394,226667.0,0.666,0.0,4.0,0.344,-5.383,1.0,0.25,77.827,4.0,0.561,3OZgEywV4krCZ814pTJWr7,2016-05-20
2069,6j4w8O8gEseBUZTOo8vYMK,I Don't Care,Dangerous Woman,Ariana Grande,0.729,0.59,178027.0,0.403,1.38e-06,0.0,0.153,-8.286,1.0,0.0431,111.948,4.0,0.287,3OZgEywV4krCZ814pTJWr7,2016-05-20
2070,1j0Rb762xxT0eccglHKsRv,Bad Decisions,Dangerous Woman,Ariana Grande,0.0146,0.698,226427.0,0.646,0.0,4.0,0.269,-5.368,0.0,0.0415,131.945,4.0,0.787,3OZgEywV4krCZ814pTJWr7,2016-05-20
2071,7MGRcJy1saXKiphwqJBnRb,Touch It,Dangerous Woman,Ariana Grande,0.0305,0.536,260000.0,0.694,0.0,7.0,0.183,-4.369,0.0,0.0331,100.899,4.0,0.293,3OZgEywV4krCZ814pTJWr7,2016-05-20
2072,2SUQGI9ztmp0PQd1J8SVHx,Knew Better / Forever Boy,Dangerous Woman,Ariana Grande,0.235,0.484,299213.0,0.38,3.8e-06,6.0,0.0998,-6.706,1.0,0.071,106.652,4.0,0.372,3OZgEywV4krCZ814pTJWr7,2016-05-20
2073,6iOhd5wNnvvwGDEuNILvM5,Thinking Bout You,Dangerous Woman,Ariana Grande,0.0149,0.507,200400.0,0.697,0.000887,11.0,0.122,-6.021,1.0,0.0616,102.983,4.0,0.401,3OZgEywV4krCZ814pTJWr7,2016-05-20
2490,2tJulUYLDKOg9XrtVkMgcJ,Grenade,Doo-Wops & Hooligans,Bruno Mars,0.146,0.706,223253.0,0.558,0.0,2.0,0.118,-7.237,0.0,0.0593,110.443,4.0,0.227,1uyf3l2d4XYwiEqAb7t7fX,2010-10-05
2491,7BqBn9nzAq8spo5e7cZ0dJ,Just the Way You Are,Doo-Wops & Hooligans,Bruno Mars,0.0151,0.637,220733.0,0.843,0.0,5.0,0.0876,-5.413,1.0,0.0432,109.012,4.0,0.434,1uyf3l2d4XYwiEqAb7t7fX,2010-10-05
2492,5BmKRyAjCnvkko7Ms00YtA,Our First Time,Doo-Wops & Hooligans,Bruno Mars,0.381,0.705,243013.0,0.451,0.0,9.0,0.276,-8.221,0.0,0.0429,77.998,4.0,0.868,1uyf3l2d4XYwiEqAb7t7fX,2010-10-05
2493,5MMLS3xm12D7N26xlfFApr,Runaway Baby,Doo-Wops & Hooligans,Bruno Mars,0.25,0.656,147747.0,0.767,0.0,11.0,0.114,-3.038,1.0,0.0396,163.834,4.0,0.871,1uyf3l2d4XYwiEqAb7t7fX,2010-10-05
2494,1ExfPZEiahqhLyajhybFeS,The Lazy Song,Doo-Wops & Hooligans,Bruno Mars,0.332,0.738,190213.0,0.804,0.0,11.0,0.279,-3.851,1.0,0.0621,174.943,4.0,0.949,1uyf3l2d4XYwiEqAb7t7fX,2010-10-05
2495,22PMfvdz35fFKYnJyMn077,Marry You,Doo-Wops & Hooligans,Bruno Mars,0.332,0.62,230120.0,0.832,0.0,10.0,0.104,-4.848,1.0,0.036,144.926,4.0,0.481,1uyf3l2d4XYwiEqAb7t7fX,2010-10-05
2496,161DnLWsx1i3u1JT05lzqU,Talking to the Moon,Doo-Wops & Hooligans,Bruno Mars,0.512,0.523,217867.0,0.606,0.0,1.0,0.106,-4.754,0.0,0.0301,145.837,4.0,0.065,1uyf3l2d4XYwiEqAb7t7fX,2010-10-05
2497,4KykoaJQ5UxjCpp3lYkvTE,Liquor Store Blues (feat. Damian Marley),Doo-Wops & Hooligans,Bruno Mars,0.11,0.691,229373.0,0.824,0.0,1.0,0.353,-3.925,0.0,0.0731,75.516,4.0,0.685,1uyf3l2d4XYwiEqAb7t7fX,2010-10-05
2498,7l1qvxWjxcKpB9PCtBuTbU,Count on Me - EP Version,Doo-Wops & Hooligans,Bruno Mars,0.84,0.577,197373.0,0.397,0.0,0.0,0.0772,-5.98,1.0,0.028,89.044,4.0,0.509,1uyf3l2d4XYwiEqAb7t7fX,2010-10-05
2499,0HasfWMrNxTjycDy9TkRtA,The Other Side (feat. CeeLo Green and B.o.B) - EP Version,Doo-Wops & Hooligans,Bruno Mars,0.117,0.559,227760.0,0.807,4.46e-06,5.0,0.148,-3.887,0.0,0.0304,140.081,4.0,0.543,1uyf3l2d4XYwiEqAb7t7fX,2010-10-05
2519,4IJ7ZoJ8z8cAIbqYShF3ZZ,Tuscan Leather,Nothing Was The Same,Drake,0.115,0.597,366400.0,0.679,0.0,6.0,0.231,-5.401,1.0,0.39,79.95,4.0,0.3,2gXTTQ713nCELgPOS0qWyt,2013-01-01
2520,6cT5orvyKqwghJp6KB9vG0,Furthest Thing,Nothing Was The Same,Drake,0.147,0.484,267373.0,0.78,0.0,9.0,0.057,-5.264,0.0,0.135,137.101,4.0,0.271,2gXTTQ713nCELgPOS0qWyt,2013-01-01
2521,6V2D8Lls36APk0THDjBDfE,Started From the Bottom,Nothing Was The Same,Drake,0.0328,0.794,174133.0,0.522,0.0,8.0,0.156,-7.829,1.0,0.159,86.318,4.0,0.567,2gXTTQ713nCELgPOS0qWyt,2013-01-01
2522,6KziiQUOoCmC7Kc7Rv4jar,Wu-Tang Forever,Nothing Was The Same,Drake,0.0474,0.832,217680.0,0.427,0.0,8.0,0.101,-8.516,0.0,0.257,99.935,4.0,0.369,2gXTTQ713nCELgPOS0qWyt,2013-01-01
2523,3ptQ2qKjiGOIW1USCFXVtT,Own It,Nothing Was The Same,Drake,0.0487,0.654,251973.0,0.342,3.37e-05,8.0,0.313,-11.305,0.0,0.101,103.064,4.0,0.294,2gXTTQ713nCELgPOS0qWyt,2013-01-01
2524,6oF3Es1YzzmLKjGBfThUvD,Worst Behavior,Nothing Was The Same,Drake,0.158,0.779,270187.0,0.799,0.0,9.0,0.209,-6.359,1.0,0.15,109.944,4.0,0.414,2gXTTQ713nCELgPOS0qWyt,2013-01-01
2525,10VBBaul4zVD0reteuIHM2,From Time,Nothing Was The Same,Drake,0.626,0.738,322160.0,0.491,0.0,1.0,0.126,-9.726,0.0,0.413,94.378,4.0,0.448,2gXTTQ713nCELgPOS0qWyt,2013-01-01
2526,14Rcq31SafFBHNEwXrtR2B,"Hold On, We're Going Home",Nothing Was The Same,Drake,0.00415,0.776,227880.0,0.413,2.68e-05,6.0,0.0724,-7.438,0.0,0.0952,100.003,4.0,0.287,2gXTTQ713nCELgPOS0qWyt,2013-01-01
2527,2cx10hB95ygrUp2RsZW7Oh,Connect,Nothing Was The Same,Drake,0.408,0.683,296413.0,0.488,0.0,6.0,0.132,-9.473,0.0,0.135,75.039,4.0,0.469,2gXTTQ713nCELgPOS0qWyt,2013-01-01
2528,3Qu5bTS5AvgS0TpeGhQyfc,The Language,Nothing Was The Same,Drake,0.0125,0.831,224013.0,0.651,0.0,1.0,0.0809,-8.363,1.0,0.437,120.064,4.0,0.502,2gXTTQ713nCELgPOS0qWyt,2013-01-01
2529,1y9g5UW31xBqvOi10tcXGX,305 To My City,Nothing Was The Same,Drake,0.0567,0.419,255853.0,0.494,0.0,4.0,0.144,-8.782,0.0,0.345,67.622,5.0,0.134,2gXTTQ713nCELgPOS0qWyt,2013-01-01
2530,6kIh5c8x8vzOe6OKW1X59U,Too Much,Nothing Was The Same,Drake,0.173,0.637,261853.0,0.569,0.0,6.0,0.18,-5.858,1.0,0.55,140.269,4.0,0.148,2gXTTQ713nCELgPOS0qWyt,2013-01-01
2531,1HDaPtZuixue2q6VGNRdVO,Pound Cake / Paris Morton Music 2,Nothing Was The Same,Drake,0.139,0.521,433800.0,0.762,1.11e-05,2.0,0.114,-6.75,1.0,0.534,164.289,4.0,0.264,2gXTTQ713nCELgPOS0qWyt,2013-01-01
2532,5CDy1I6rSt6vXdqIb87A6f,Come Thru,Nothing Was The Same,Drake,0.159,0.558,236360.0,0.468,0.0,3.0,0.586,-5.812,1.0,0.173,81.977,4.0,0.405,2gXTTQ713nCELgPOS0qWyt,2013-01-01
2533,4kNvYhyl8R6m1vykVkcuBu,All Me,Nothing Was The Same,Drake,0.0705,0.67,270867.0,0.515,0.0,1.0,0.25,-6.977,1.0,0.397,122.006,4.0,0.422,2gXTTQ713nCELgPOS0qWyt,2013-01-01
6223,1ID1QFSNNxi0hiZCNcwjUC,Legend,If You're Reading This It's Too Late,Drake,0.024,0.715,241853.0,0.561,0.0,1.0,0.0769,-7.605,1.0,0.0721,100.076,4.0,0.297,0ptlfJfwGTy0Yvrk14JK1I,2015-02-12
6224,79XrkTOfV1AqySNjVlygpW,Energy,If You're Reading This It's Too Late,Drake,0.329,0.743,181933.0,0.571,0.0,11.0,0.522,-8.038,1.0,0.505,172.056,4.0,0.571,0ptlfJfwGTy0Yvrk14JK1I,2015-02-12
6225,12d5QFwzh60IIHlsSnAvps,10 Bands,If You're Reading This It's Too Late,Drake,0.23,0.835,177733.0,0.756,0.0,7.0,0.0801,-3.789,1.0,0.382,173.0,4.0,0.87,0ptlfJfwGTy0Yvrk14JK1I,2015-02-12
6226,5InOp6q2vvx0fShv3bzFLZ,Know Yourself,If You're Reading This It's Too Late,Drake,0.19,0.735,275840.0,0.41,0.0,11.0,0.341,-8.735,0.0,0.2,114.812,4.0,0.164,0ptlfJfwGTy0Yvrk14JK1I,2015-02-12
6227,2durxb17bXcmQJHSt8JAdO,No Tellin',If You're Reading This It's Too Late,Drake,0.535,0.827,310933.0,0.477,0.0,7.0,0.136,-10.408,0.0,0.275,95.03,4.0,0.558,0ptlfJfwGTy0Yvrk14JK1I,2015-02-12
6228,4v7SAP4KD96BFLWiCd1vF0,Madonna,If You're Reading This It's Too Late,Drake,0.0151,0.891,177840.0,0.515,2.11e-05,2.0,0.414,-8.717,1.0,0.0545,110.043,4.0,0.116,0ptlfJfwGTy0Yvrk14JK1I,2015-02-12
6229,3a8tAZFJxlmBwOtrf5L1oC,6 God,If You're Reading This It's Too Late,Drake,0.0239,0.857,180667.0,0.639,0.0,2.0,0.121,-8.622,1.0,0.128,105.504,4.0,0.477,0ptlfJfwGTy0Yvrk14JK1I,2015-02-12
6230,2mmUoyPxzbxehpfm1TpTRK,Star67,If You're Reading This It's Too Late,Drake,0.747,0.478,294973.0,0.395,4.73e-06,3.0,0.264,-7.917,1.0,0.213,74.515,3.0,0.17,0ptlfJfwGTy0Yvrk14JK1I,2015-02-12
6231,1OHoBC4icbuNhpSxP400sv,Preach,If You're Reading This It's Too Late,Drake,0.208,0.563,236973.0,0.501,7.89e-05,11.0,0.104,-8.041,0.0,0.426,130.288,4.0,0.398,0ptlfJfwGTy0Yvrk14JK1I,2015-02-12
6232,6oLHyWvmk6bKrA91EIYZBp,Wednesday Night Interlude,If You're Reading This It's Too Late,Drake,0.764,0.425,212280.0,0.484,3.61e-06,9.0,0.274,-8.228,0.0,0.0519,135.329,4.0,0.185,0ptlfJfwGTy0Yvrk14JK1I,2015-02-12
6233,63p3Slj0shAFP0Q7dQetj5,Used To,If You're Reading This It's Too Late,Drake,0.0795,0.925,268480.0,0.429,0.000256,10.0,0.0815,-7.663,0.0,0.122,96.002,4.0,0.319,0ptlfJfwGTy0Yvrk14JK1I,2015-02-12
6234,4kdfjhj9xNkYU0R8xlDy8k,6 Man,If You're Reading This It's Too Late,Drake,0.227,0.798,167653.0,0.529,0.0,8.0,0.114,-9.288,1.0,0.482,78.967,4.0,0.368,0ptlfJfwGTy0Yvrk14JK1I,2015-02-12
6235,4zLOwx1yRJXWkHKt1XzF1p,Now & Forever,If You're Reading This It's Too Late,Drake,0.132,0.575,281320.0,0.515,0.0,6.0,0.102,-7.325,1.0,0.0324,107.945,4.0,0.0946,0ptlfJfwGTy0Yvrk14JK1I,2015-02-12
6236,6ImxYXeLDQPIv4qo7bMhSk,Company,If You're Reading This It's Too Late,Drake,0.0347,0.654,252640.0,0.555,0.0,7.0,0.17,-8.24,1.0,0.052,107.535,4.0,0.11,0ptlfJfwGTy0Yvrk14JK1I,2015-02-12
6237,2YaDRtIlQiZ5WDDB2YuEOC,You & The 6,If You're Reading This It's Too Late,Drake,0.153,0.559,264907.0,0.493,0.0,7.0,0.132,-7.467,0.0,0.296,154.182,4.0,0.214,0ptlfJfwGTy0Yvrk14JK1I,2015-02-12
6238,7JXZq0JgG2zTrSOAgY8VMC,Jungle,If You're Reading This It's Too Late,Drake,0.614,0.508,320400.0,0.234,0.000163,7.0,0.111,-8.724,1.0,0.109,195.092,4.0,0.392,0ptlfJfwGTy0Yvrk14JK1I,2015-02-12
6239,5mZJwWdxAOR4xUvSGZvvMU,6PM In New York,If You're Reading This It's Too Late,Drake,0.105,0.602,283307.0,0.849,0.0,5.0,0.155,-4.141,1.0,0.299,89.716,4.0,0.319,0ptlfJfwGTy0Yvrk14JK1I,2015-02-12
7196,3bDXhWsPiFTHtrsMg5faL2,What Makes You Country,What Makes You Country,Luke Bryan,0.0104,0.513,235266.0,0.949,0.0,0.0,0.154,-1.723,1.0,0.0461,159.985,4.0,0.797,6NUEU1vyIctdAg8IHot8Wy,2017-12-08
7197,1JcgfeOYbEfYlmAQ8qfE8E,Out Of Nowhere Girl,What Makes You Country,Luke Bryan,0.125,0.265,218494.0,0.932,0.0,1.0,0.108,-2.771,1.0,0.241,194.088,4.0,0.608,6NUEU1vyIctdAg8IHot8Wy,2017-12-08
7198,5w3NgfV8v1nNZFLUBlGHIL,Light It Up,What Makes You Country,Luke Bryan,0.118,0.602,177306.0,0.929,0.0,6.0,0.103,-2.741,0.0,0.0839,130.024,4.0,0.677,6NUEU1vyIctdAg8IHot8Wy,2017-12-08
7199,79LAFAkR1ATb4iIQvZuCL0,Most People Are Good,What Makes You Country,Luke Bryan,0.174,0.582,221801.0,0.728,0.0,8.0,0.139,-6.151,1.0,0.0292,150.013,4.0,0.537,6NUEU1vyIctdAg8IHot8Wy,2017-12-08
7200,53yTYusPQJ1AApL1hi0Dnc,"Sunrise, Sunburn, Sunset",What Makes You Country,Luke Bryan,0.185,0.472,216093.0,0.884,0.0,9.0,0.178,-2.306,1.0,0.0584,159.96,4.0,0.718,6NUEU1vyIctdAg8IHot8Wy,2017-12-08
7201,21IMqScnogU0bv1v7DxwBa,Bad Lovers,What Makes You Country,Luke Bryan,0.352,0.714,216547.0,0.713,0.0,11.0,0.101,-4.297,1.0,0.0288,125.025,4.0,0.569,6NUEU1vyIctdAg8IHot8Wy,2017-12-08
7202,4CqHMLVJmU5jvU0eCf2jsT,Drinking Again,What Makes You Country,Luke Bryan,0.0102,0.688,225253.0,0.933,0.0,4.0,0.126,-3.021,1.0,0.053,122.077,4.0,0.91,6NUEU1vyIctdAg8IHot8Wy,2017-12-08
7203,3q1MWXwUymllOPAaLEGEdl,Land Of A Million Songs,What Makes You Country,Luke Bryan,0.0667,0.534,211200.0,0.864,0.0,4.0,0.11,-2.993,1.0,0.048,150.128,4.0,0.512,6NUEU1vyIctdAg8IHot8Wy,2017-12-08
7204,6aK6e7vXUx2IogrtZCGC8W,Like You Say You Do,What Makes You Country,Luke Bryan,0.318,0.525,220133.0,0.874,2.45e-06,0.0,0.232,-3.349,1.0,0.0322,83.969,4.0,0.694,6NUEU1vyIctdAg8IHot8Wy,2017-12-08
7205,0vzhTiDAhK2SJ3ymvrfewt,Hooked On It,What Makes You Country,Luke Bryan,0.0951,0.513,197172.0,0.969,0.0,9.0,0.107,-1.375,1.0,0.0909,163.981,4.0,0.586,6NUEU1vyIctdAg8IHot8Wy,2017-12-08
7206,3CqHc5qwwCACjqXKied01h,She's A Hot One,What Makes You Country,Luke Bryan,0.0111,0.501,175200.0,0.959,0.0,5.0,0.092,-1.866,0.0,0.107,154.016,4.0,0.645,6NUEU1vyIctdAg8IHot8Wy,2017-12-08
7207,5NQXHsUUF006GrtFD5NgDZ,Hungover In A Hotel Room,What Makes You Country,Luke Bryan,0.194,0.535,234894.0,0.841,0.0,2.0,0.0973,-2.303,0.0,0.032,136.068,4.0,0.454,6NUEU1vyIctdAg8IHot8Wy,2017-12-08
7208,2IHawy6xc5ezcHjIOCteVJ,Pick It Up,What Makes You Country,Luke Bryan,0.0798,0.635,179439.0,0.885,0.0,8.0,0.0938,-3.802,0.0,0.0953,156.044,4.0,0.871,6NUEU1vyIctdAg8IHot8Wy,2017-12-08
7209,4YkQszw3HvtUEs0BzxWPcp,Driving This Thing,What Makes You Country,Luke Bryan,0.0527,0.62,176827.0,0.878,0.0,9.0,0.157,-3.152,1.0,0.0439,95.986,4.0,0.711,6NUEU1vyIctdAg8IHot8Wy,2017-12-08
7210,6x8AqouGYXQvAiQyRF9ujM,Win Life,What Makes You Country,Luke Bryan,0.294,0.517,192573.0,0.794,0.0,8.0,0.13,-4.508,1.0,0.0661,181.994,4.0,0.535,6NUEU1vyIctdAg8IHot8Wy,2017-12-08
8350,5HGibWoxnkYSkl6mHmAlOE,That's My Kind Of Night,Crash My Party,Luke Bryan,0.0626,0.66,190187.0,0.754,0.0,4.0,0.1,-2.84,0.0,0.051,110.02,4.0,0.899,5M8gr5RV2eR6UkztC69ogB,2013-01-01
8351,1eFiehZXXGbxfkZx9mraUj,Beer In The Headlights,Crash My Party,Luke Bryan,0.0121,0.45,171867.0,0.952,0.0,11.0,0.349,-2.742,0.0,0.0957,153.925,4.0,0.551,5M8gr5RV2eR6UkztC69ogB,2013-01-01
8352,6GBUsjHfZuweYf5lQEz6mP,Crash My Party,Crash My Party,Luke Bryan,0.0309,0.526,234760.0,0.823,0.0,7.0,0.246,-4.03,1.0,0.0431,144.09,4.0,0.435,5M8gr5RV2eR6UkztC69ogB,2013-01-01
8353,5r00wpsojd4mBYaQFDvni7,Roller Coaster,Crash My Party,Luke Bryan,0.0338,0.599,259080.0,0.756,2.06e-05,8.0,0.174,-4.457,1.0,0.0363,107.995,4.0,0.282,5M8gr5RV2eR6UkztC69ogB,2013-01-01
8354,5j3bIq9m4oZEoGs9wz1ATw,We Run This Town,Crash My Party,Luke Bryan,0.207,0.434,193680.0,0.797,0.0,4.0,0.277,-4.304,1.0,0.0382,172.028,4.0,0.646,5M8gr5RV2eR6UkztC69ogB,2013-01-01
8355,1PoGWZbJPGmViVi7CYbDUK,Drink A Beer,Crash My Party,Luke Bryan,0.812,0.571,202627.0,0.43,7.99e-05,8.0,0.164,-7.439,1.0,0.0319,77.961,4.0,0.285,5M8gr5RV2eR6UkztC69ogB,2013-01-01
8356,3Z3D2hnbZnveVhTuOifJyt,I See You,Crash My Party,Luke Bryan,0.0884,0.661,185987.0,0.81,0.0,6.0,0.0464,-3.363,1.0,0.0363,129.988,4.0,0.722,5M8gr5RV2eR6UkztC69ogB,2013-01-01
8357,6EdDakWew1rLII3BilUJqh,Goodbye Girl,Crash My Party,Luke Bryan,0.421,0.556,158787.0,0.55,2.05e-06,4.0,0.19,-8.235,1.0,0.0253,144.888,4.0,0.524,5M8gr5RV2eR6UkztC69ogB,2013-01-01
8358,03fT3OHB9KyMtGMt2zwqCT,Play It Again,Crash My Party,Luke Bryan,0.0832,0.51,226867.0,0.898,0.0,11.0,0.071,-3.15,1.0,0.0696,144.056,4.0,0.596,5M8gr5RV2eR6UkztC69ogB,2013-01-01
8359,4ggPIxXwOWReIBfyCVW8QI,Blood Brothers,Crash My Party,Luke Bryan,0.183,0.552,243467.0,0.723,1.83e-05,6.0,0.0342,-4.807,1.0,0.043,80.981,4.0,0.549,5M8gr5RV2eR6UkztC69ogB,2013-01-01
8360,7mqltiof519WEup2CsauF3,Out Like That,Crash My Party,Luke Bryan,0.0107,0.592,197973.0,0.926,0.0,11.0,0.35,-3.545,1.0,0.0705,120.023,4.0,0.619,5M8gr5RV2eR6UkztC69ogB,2013-01-01
8361,7nbYuquNV8MvCY0Ut7YpLd,Shut It Down,Crash My Party,Luke Bryan,0.0406,0.458,195973.0,0.721,0.0,7.0,0.104,-4.918,1.0,0.0346,151.805,4.0,0.328,5M8gr5RV2eR6UkztC69ogB,2013-01-01
8362,44CrEafj3AU5cquvEi1tBg,Dirt Road Diary,Crash My Party,Luke Bryan,0.306,0.53,211013.0,0.815,0.0,8.0,0.0879,-4.039,1.0,0.0437,146.688,4.0,0.589,5M8gr5RV2eR6UkztC69ogB,2013-01-01
9162,773xZHHSHJvC1z3AAtWgH6,Ode To Sleep,Vessel,twenty one pilots,0.00891,0.446,308388.0,0.76,0.000108,7.0,0.232,-3.608,1.0,0.0453,150.033,4.0,0.512,2r2r78NE05YjyHyVbVgqFn,2013
9163,3C3cr2JQwXIhqAHqOardVO,Holding On To You,Vessel,twenty one pilots,0.241,0.608,263733.0,0.776,0.0,11.0,0.0713,-3.635,1.0,0.0511,89.996,4.0,0.814,2r2r78NE05YjyHyVbVgqFn,2013
9164,4rfaoyaZvNa60cj3OKSQV9,Migraine,Vessel,twenty one pilots,0.11,0.69,239015.0,0.678,0.0,0.0,0.246,-6.52,1.0,0.154,173.995,4.0,0.409,2r2r78NE05YjyHyVbVgqFn,2013
9165,36tghkPg1AO4HsAzo6YpPp,House Of Gold,Vessel,twenty one pilots,0.445,0.68,163880.0,0.693,0.0,0.0,0.208,-7.234,1.0,0.0435,114.948,4.0,0.851,2r2r78NE05YjyHyVbVgqFn,2013
9166,5cbpoIu3YjoOwbBDGUEp3P,Car Radio,Vessel,twenty one pilots,0.098,0.766,267720.0,0.519,0.0,9.0,0.0855,-7.355,0.0,0.0366,129.972,4.0,0.612,2r2r78NE05YjyHyVbVgqFn,2013
9167,70Cp0ukCMyWeJML77NGERU,Semi-Automatic,Vessel,twenty one pilots,0.0489,0.78,253680.0,0.716,5.92e-06,6.0,0.0704,-4.551,0.0,0.0439,105.017,4.0,0.362,2r2r78NE05YjyHyVbVgqFn,2013
9168,1pKmfhwbZvsyYUP2eOGdw5,Screen,Vessel,twenty one pilots,0.0963,0.718,229120.0,0.714,0.0,0.0,0.141,-5.699,1.0,0.0622,149.949,4.0,0.84,2r2r78NE05YjyHyVbVgqFn,2013
9169,68NsOuum1AegLDhOIr2ADL,The Run And Go,Vessel,twenty one pilots,0.0437,0.798,229000.0,0.318,0.0,10.0,0.158,-6.849,0.0,0.0431,92.49,4.0,0.425,2r2r78NE05YjyHyVbVgqFn,2013
9170,3MLtopC0uho28PxZN7Zecy,Fake You Out,Vessel,twenty one pilots,0.248,0.84,231320.0,0.608,1.25e-06,6.0,0.0874,-6.176,1.0,0.0458,115.012,4.0,0.727,2r2r78NE05YjyHyVbVgqFn,2013
9171,4RdRa3qq0GBSKjomxrkh5K,Guns For Hands,Vessel,twenty one pilots,0.00694,0.684,273336.0,0.858,0.000167,1.0,0.0828,-4.266,1.0,0.0342,129.963,4.0,0.518,2r2r78NE05YjyHyVbVgqFn,2013
9172,1yf97yL1ll8FYXC27c9VTw,Trees,Vessel,twenty one pilots,0.00359,0.584,267387.0,0.833,3.44e-05,6.0,0.169,-5.9,1.0,0.041,140.013,4.0,0.324,2r2r78NE05YjyHyVbVgqFn,2013
9173,6BEKt5axiNeWCr9huv0k7I,Truce,Vessel,twenty one pilots,0.994,0.537,142547.0,0.0231,0.0471,7.0,0.146,-14.407,1.0,0.0475,120.322,4.0,0.342,2r2r78NE05YjyHyVbVgqFn,2013
13014,3G5iN5QBqMeXx3uZPy8tgB,Young Girls,Unorthodox Jukebox,Bruno Mars,0.461,0.561,228720.0,0.749,1.82e-06,6.0,0.205,-4.951,0.0,0.032,125.986,4.0,0.501,58ufpQsJ1DS5kq4hhzQDiI,2012-12-07
13015,3w3y8KPTfNeOKPiqUTakBh,Locked Out of Heaven,Unorthodox Jukebox,Bruno Mars,0.049,0.726,233478.0,0.698,0.0,5.0,0.309,-4.165,1.0,0.0431,143.994,4.0,0.867,58ufpQsJ1DS5kq4hhzQDiI,2012-12-07
13016,2ih2U8ttFzCjnQ5njF3SrR,Gorilla,Unorthodox Jukebox,Bruno Mars,0.445,0.717,244493.0,0.544,5.16e-06,7.0,0.0973,-6.598,1.0,0.0371,139.959,4.0,0.641,58ufpQsJ1DS5kq4hhzQDiI,2012-12-07
13017,55h7vJchibLdUkxdlX3fK7,Treasure,Unorthodox Jukebox,Bruno Mars,0.0412,0.874,178560.0,0.692,7.24e-05,5.0,0.324,-5.28,0.0,0.0431,116.017,4.0,0.937,58ufpQsJ1DS5kq4hhzQDiI,2012-12-07
13018,30raivfq7rSt5nKltiHfzG,Moonshine,Unorthodox Jukebox,Bruno Mars,0.211,0.705,228573.0,0.784,4.3e-06,2.0,0.0813,-4.351,1.0,0.0279,104.98,4.0,0.418,58ufpQsJ1DS5kq4hhzQDiI,2012-12-07
13019,0nJW01T7XtvILxQgC5J7Wh,When I Was Your Man,Unorthodox Jukebox,Bruno Mars,0.932,0.612,213827.0,0.28,0.0,0.0,0.088,-8.648,1.0,0.0434,72.795,4.0,0.387,58ufpQsJ1DS5kq4hhzQDiI,2012-12-07
13020,0inMKhbKWOTDA9UBUAKoU6,Natalie,Unorthodox Jukebox,Bruno Mars,0.15,0.76,225027.0,0.733,0.0,7.0,0.0647,-6.704,1.0,0.0504,111.975,4.0,0.611,58ufpQsJ1DS5kq4hhzQDiI,2012-12-07
13021,2tCPIp83mRXvVTytTAf1W4,Show Me,Unorthodox Jukebox,Bruno Mars,0.0461,0.743,207560.0,0.706,0.0,5.0,0.204,-5.728,1.0,0.0535,77.989,4.0,0.514,58ufpQsJ1DS5kq4hhzQDiI,2012-12-07
13022,6FPQabaldvKE5cjqRfY9Os,Money Make Her Smile,Unorthodox Jukebox,Bruno Mars,0.0943,0.754,203973.0,0.677,7.39e-05,0.0,0.153,-6.555,1.0,0.0709,93.022,4.0,0.78,58ufpQsJ1DS5kq4hhzQDiI,2012-12-07
13023,7lXOqE38eCr979gp27O5wr,If I Knew,Unorthodox Jukebox,Bruno Mars,0.722,0.522,132640.0,0.413,0.0,3.0,0.0854,-5.86,1.0,0.0316,175.972,3.0,0.49,58ufpQsJ1DS5kq4hhzQDiI,2012-12-07
15800,5g15o2Sm55Hn9ShK5yEXgp,Kick The Dust Up,Kill The Lights,Luke Bryan,0.197,0.596,190587.0,0.855,0.0,1.0,0.11,-2.255,1.0,0.0474,172.082,4.0,0.811,0WtCqmpVN7rRGfDMSWSXBA,2015-08-07
15801,696pjkYV7x0adMqEQYnBzP,Kill The Lights,Kill The Lights,Luke Bryan,0.0446,0.692,179573.0,0.716,0.0,4.0,0.128,-2.154,0.0,0.0623,107.098,4.0,0.759,0WtCqmpVN7rRGfDMSWSXBA,2015-08-07
15802,5XFu5S1vBY7sNHlheCapOz,Strip It Down,Kill The Lights,Luke Bryan,0.392,0.629,241613.0,0.878,0.0,9.0,0.0899,-3.535,1.0,0.0443,137.989,4.0,0.714,0WtCqmpVN7rRGfDMSWSXBA,2015-08-07
15803,0RE8WWlaCQM6M4XHUK3u7b,Home Alone Tonight,Kill The Lights,Luke Bryan,0.076,0.498,190773.0,0.968,0.0,8.0,0.0947,-1.18,1.0,0.113,161.989,4.0,0.491,0WtCqmpVN7rRGfDMSWSXBA,2015-08-07
15804,6iQkiYR8yZnURI8W678PNg,Razor Blade,Kill The Lights,Luke Bryan,0.543,0.58,221800.0,0.87,0.000361,2.0,0.205,-2.594,1.0,0.0572,98.873,4.0,0.456,0WtCqmpVN7rRGfDMSWSXBA,2015-08-07
15805,2gYiCTytrSRtuaHP1Nac6u,Fast,Kill The Lights,Luke Bryan,0.225,0.548,206213.0,0.898,0.0,0.0,0.1,-2.561,0.0,0.0459,145.953,4.0,0.599,0WtCqmpVN7rRGfDMSWSXBA,2015-08-07
15806,6qoH2pKeEibNUG1pnJIjmZ,Move,Kill The Lights,Luke Bryan,0.00873,0.569,227413.0,0.946,0.0,5.0,0.0903,-0.698,0.0,0.0808,103.991,4.0,0.778,0WtCqmpVN7rRGfDMSWSXBA,2015-08-07
15807,57CeX55GOuDUqVZZ6DiWQg,Just Over,Kill The Lights,Luke Bryan,0.185,0.612,193573.0,0.888,0.0,10.0,0.127,-2.407,1.0,0.0408,108.008,4.0,0.535,0WtCqmpVN7rRGfDMSWSXBA,2015-08-07
15808,2bYou3N8zTdV5HuTxJbmUG,Love It Gone,Kill The Lights,Luke Bryan,0.0134,0.568,217907.0,0.915,0.0,4.0,0.239,-2.826,1.0,0.0309,92.988,4.0,0.65,0WtCqmpVN7rRGfDMSWSXBA,2015-08-07
15809,386DfI5sZ0eJi1i6SZVqLw,Way Way Back,Kill The Lights,Luke Bryan,0.0453,0.566,199853.0,0.936,0.0,5.0,0.248,-2.002,0.0,0.0506,101.971,4.0,0.855,0WtCqmpVN7rRGfDMSWSXBA,2015-08-07
15810,7MsHCwYjYdhu57df6LNGvm,To The Moon And Back,Kill The Lights,Luke Bryan,0.795,0.388,238400.0,0.475,0.0342,0.0,0.105,-10.255,1.0,0.0309,83.102,4.0,0.235,0WtCqmpVN7rRGfDMSWSXBA,2015-08-07
15811,0dbzWSYpMcRtwjI1S7Pkql,"Huntin', Fishin' And Lovin' Every Day",Kill The Lights,Luke Bryan,0.125,0.546,278613.0,0.805,9.27e-06,0.0,0.148,-4.251,1.0,0.0348,77.029,4.0,0.387,0WtCqmpVN7rRGfDMSWSXBA,2015-08-07
15812,6ONuZCGCEuem3Nmvn6N450,Scarecrows,Kill The Lights,Luke Bryan,0.116,0.525,216733.0,0.839,0.0,5.0,0.149,-2.238,0.0,0.0325,135.869,4.0,0.515,0WtCqmpVN7rRGfDMSWSXBA,2015-08-07
15813,6Gc3Ays7X9PjZ6QDj1Nu9P,Corner Booth,Kill The Lights,Luke Bryan,0.0223,0.502,198133.0,0.88,0.0,0.0,0.355,-2.988,1.0,0.0539,156.018,4.0,0.694,0WtCqmpVN7rRGfDMSWSXBA,2015-08-07
15814,2JKRXLw9Z4WOa7jvqDh3lr,Little Boys Grow Up And Dogs Get Old,Kill The Lights,Luke Bryan,0.778,0.546,223173.0,0.732,0.00139,2.0,0.138,-6.275,1.0,0.0297,163.871,4.0,0.651,0WtCqmpVN7rRGfDMSWSXBA,2015-08-07
15815,1tcVt96MM7o2SiCmt4UleD,Buddies,Kill The Lights,Luke Bryan,0.0803,0.497,207187.0,0.728,0.0,7.0,0.125,-3.034,1.0,0.031,128.95,3.0,0.543,0WtCqmpVN7rRGfDMSWSXBA,2015-08-07
20809,0qMNPhpRzbghJy6G3SgRag,Intro,My Everything,Ariana Grande,0.969,0.447,79840.0,0.182,3.83e-05,6.0,0.327,-12.439,1.0,0.0324,89.814,4.0,0.096,6EVYTRG1drKdO8OnIQBeEj,2014-08-25
20810,7vS3Y0IKjde7Xg85LWIEdP,Problem,My Everything,Ariana Grande,0.0192,0.66,193920.0,0.805,8.83e-06,1.0,0.159,-5.352,0.0,0.153,103.009,4.0,0.625,6EVYTRG1drKdO8OnIQBeEj,2014-08-25
20811,7xoUc6faLbCqZO6fQEYprd,One Last Time,My Everything,Ariana Grande,0.093,0.628,197267.0,0.593,1.65e-06,8.0,0.096,-5.036,1.0,0.0323,125.026,4.0,0.104,6EVYTRG1drKdO8OnIQBeEj,2014-08-25
20812,40fHWRL8bKcl5J4t4OKUiW,Why Try,My Everything,Ariana Grande,0.0494,0.443,211880.0,0.663,0.0,8.0,0.153,-5.946,0.0,0.0432,159.856,4.0,0.331,6EVYTRG1drKdO8OnIQBeEj,2014-08-25
20813,12KUFSHFgT0XCoiSlvdQi4,Break Free,My Everything,Ariana Grande,0.0064,0.687,214840.0,0.702,4.35e-05,7.0,0.204,-5.324,0.0,0.0455,129.956,4.0,0.284,6EVYTRG1drKdO8OnIQBeEj,2014-08-25
20814,70yhaHLp9STtzI2Kzba6Tr,Best Mistake,My Everything,Ariana Grande,0.546,0.654,233733.0,0.578,0.0,6.0,0.112,-6.897,1.0,0.449,143.867,4.0,0.233,6EVYTRG1drKdO8OnIQBeEj,2014-08-25
20815,0fonaf88IEDQM309zmU80L,Be My Baby,My Everything,Ariana Grande,0.0735,0.622,217053.0,0.586,7.41e-06,3.0,0.0803,-6.241,0.0,0.0356,145.08,4.0,0.434,6EVYTRG1drKdO8OnIQBeEj,2014-08-25
20816,0HGcQDbRen8luCnwH53sNl,Break Your Heart Right Back,My Everything,Ariana Grande,0.0113,0.726,253387.0,0.605,0.0,6.0,0.0639,-5.673,1.0,0.0628,93.93,4.0,0.588,6EVYTRG1drKdO8OnIQBeEj,2014-08-25
20817,5J4ZkQpzMUFojo1CtAZYpn,Love Me Harder,My Everything,Ariana Grande,0.00937,0.472,236133.0,0.714,0.0,1.0,0.0764,-4.389,0.0,0.0334,98.992,4.0,0.24,6EVYTRG1drKdO8OnIQBeEj,2014-08-25
20818,5lvnGiTAH9BVlJLHc0DXZz,Just A Little Bit Of Your Heart,My Everything,Ariana Grande,0.692,0.439,232587.0,0.322,0.0,9.0,0.103,-5.959,1.0,0.028,77.963,4.0,0.16,6EVYTRG1drKdO8OnIQBeEj,2014-08-25
20819,1rNop31kdDmSj3Ds6xhIeS,Hands On Me,My Everything,Ariana Grande,0.214,0.662,192227.0,0.766,0.0,7.0,0.324,-5.694,1.0,0.0377,97.959,4.0,0.376,6EVYTRG1drKdO8OnIQBeEj,2014-08-25
20820,4eumFsTnduH3zRfaASoAPs,My Everything,My Everything,Ariana Grande,0.88,0.54,168520.0,0.265,0.0,11.0,0.131,-5.307,1.0,0.0297,61.975,4.0,0.423,6EVYTRG1drKdO8OnIQBeEj,2014-08-25
20821,466s1BacUmiRdR3ISvNjyx,Bang Bang,My Everything,Ariana Grande,0.283,0.703,199320.0,0.747,0.0,0.0,0.396,-4.446,0.0,0.0895,149.974,4.0,0.7,6EVYTRG1drKdO8OnIQBeEj,2014-08-25
20822,6LQzYkmd8ADbKOOEVDnlG4,Only 1,My Everything,Ariana Grande,0.5,0.656,193987.0,0.842,0.0,0.0,0.0787,-5.714,1.0,0.24,101.364,4.0,0.384,6EVYTRG1drKdO8OnIQBeEj,2014-08-25
20823,3hgl7EQwTutSm6PESsB7gZ,You Don't Know Me,My Everything,Ariana Grande,0.0453,0.381,233720.0,0.631,0.0,0.0,0.129,-5.886,1.0,0.262,170.187,4.0,0.37,6EVYTRG1drKdO8OnIQBeEj,2014-08-25
27871,3EuCHzsFw6xoow6dXWDq5i,I Do All My Dreamin’ There,Farm Tour: Here's To The Farmer (EP),Luke Bryan,0.0751,0.409,219533.0,0.924,0.0,9.0,0.262,-2.097,1.0,0.0743,203.692,4.0,0.574,5cy16pBwsgoLDcpoMFPzDv,2016-09-23
27872,0U6by3yI2naK9kdlDuojRX,Here's To The Farmer,Farm Tour: Here's To The Farmer (EP),Luke Bryan,0.196,0.531,210600.0,0.749,0.0,7.0,0.122,-2.568,1.0,0.0329,134.936,4.0,0.427,5cy16pBwsgoLDcpoMFPzDv,2016-09-23
27873,4QbTbwI9CgV8IQrpDpPmKD,Love Me In A Field,Farm Tour: Here's To The Farmer (EP),Luke Bryan,0.0287,0.591,176693.0,0.949,0.0,9.0,0.338,-1.93,1.0,0.056,107.026,4.0,0.539,5cy16pBwsgoLDcpoMFPzDv,2016-09-23
27874,1Q1hzw1z8C546Z6qOkgTVg,You Look Like Rain,Farm Tour: Here's To The Farmer (EP),Luke Bryan,0.209,0.48,234160.0,0.708,3.06e-05,2.0,0.0458,-6.575,1.0,0.0327,75.019,4.0,0.244,5cy16pBwsgoLDcpoMFPzDv,2016-09-23
27875,6xVcc0NnbFMDwBBzMX61qf,Southern Gentleman,Farm Tour: Here's To The Farmer (EP),Luke Bryan,0.209,0.568,207493.0,0.796,0.0,0.0,0.101,-1.844,1.0,0.0283,146.045,4.0,0.479,5cy16pBwsgoLDcpoMFPzDv,2016-09-23
28463,4fLTtg48X0QtKrj0Jv8I3v,Hey Angel,Made In The A.M.,One Direction,0.0202,0.523,240000.0,0.883,0.0,8.0,0.116,-2.956,1.0,0.0365,92.215,4.0,0.35,1gMxiQQSg5zeu4htBosASY,2015-11-13
28464,2K87XMYnUMqLcX3zvtAF4G,Drag Me Down,Made In The A.M.,One Direction,0.109,0.73,192120.0,0.703,0.0,0.0,0.0657,-5.672,0.0,0.0369,138.113,4.0,0.595,1gMxiQQSg5zeu4htBosASY,2015-11-13
28465,3NLnwwAQbbFKcEcV8hDItk,Perfect,Made In The A.M.,One Direction,0.0598,0.647,230333.0,0.823,0.0,2.0,0.119,-5.231,1.0,0.0762,99.933,4.0,0.396,1gMxiQQSg5zeu4htBosASY,2015-11-13
28466,6N5xh0tYYLTQRiCCaNbAUt,Infinity,Made In The A.M.,One Direction,0.0687,0.537,249480.0,0.705,0.0,4.0,0.0842,-6.073,1.0,0.0337,131.965,4.0,0.32,1gMxiQQSg5zeu4htBosASY,2015-11-13
28467,5AezhHjX3R1bmxcAEgrFpS,End of the Day,Made In The A.M.,One Direction,0.0256,0.502,194973.0,0.594,0.0,11.0,0.0834,-5.031,1.0,0.0365,153.687,5.0,0.349,1gMxiQQSg5zeu4htBosASY,2015-11-13
28468,5CRVwXGikmqzoRO6q7FeAg,If I Could Fly,Made In The A.M.,One Direction,0.781,0.565,230320.0,0.245,0.0,5.0,0.0998,-9.132,1.0,0.0262,75.055,4.0,0.307,1gMxiQQSg5zeu4htBosASY,2015-11-13
28469,2UFOh8iMQ2DON7sl3lqGJH,Long Way Down,Made In The A.M.,One Direction,0.0772,0.633,192160.0,0.565,2.31e-05,0.0,0.168,-5.179,1.0,0.0242,145.001,4.0,0.539,1gMxiQQSg5zeu4htBosASY,2015-11-13
28470,7rdP71W8x4UbJ0KAKBACbo,Never Enough,Made In The A.M.,One Direction,0.0379,0.579,213440.0,0.779,0.0,4.0,0.385,-1.829,0.0,0.0512,164.145,3.0,0.587,1gMxiQQSg5zeu4htBosASY,2015-11-13
28471,5dONhl6aXFuN86UBdayF6W,Olivia,Made In The A.M.,One Direction,0.0438,0.64,177973.0,0.681,0.0,6.0,0.166,-5.362,1.0,0.0334,118.062,4.0,0.676,1gMxiQQSg5zeu4htBosASY,2015-11-13
28472,0iSWAT0EL8TwmzcgBjKMh6,What a Feeling,Made In The A.M.,One Direction,0.149,0.678,200533.0,0.869,0.0,0.0,0.0593,-4.345,0.0,0.0461,123.964,4.0,0.882,1gMxiQQSg5zeu4htBosASY,2015-11-13
28473,1ZWLWVqeEMWMKTlteS0yLH,Love You Goodbye,Made In The A.M.,One Direction,0.0928,0.546,196933.0,0.657,0.0,1.0,0.119,-4.787,1.0,0.0332,133.188,4.0,0.361,1gMxiQQSg5zeu4htBosASY,2015-11-13
28474,608R6FvRtAqf2dvgKMzebP,I Want to Write You a Song,Made In The A.M.,One Direction,0.779,0.714,179013.0,0.443,0.000109,5.0,0.144,-7.638,1.0,0.0256,106.038,4.0,0.463,1gMxiQQSg5zeu4htBosASY,2015-11-13
28475,0HMjXBAZmSYOTTi33WpMso,History,Made In The A.M.,One Direction,0.0352,0.655,187427.0,0.699,0.0,11.0,0.064,-4.421,1.0,0.0493,86.704,4.0,0.802,1gMxiQQSg5zeu4htBosASY,2015-11-13
28476,2Xcvt8NRLw0xbB3ClfW8MI,Temporary Fix,Made In The A.M.,One Direction,9.17e-05,0.556,175013.0,0.902,0.0,4.0,0.0888,-5.143,1.0,0.0449,145.914,4.0,0.96,1gMxiQQSg5zeu4htBosASY,2015-11-13
28477,1ZycJRpLOazlLcoFGxGROO,Walking in the Wind,Made In The A.M.,One Direction,0.0829,0.687,202640.0,0.447,0.0,8.0,0.0878,-6.586,1.0,0.0486,114.578,4.0,0.501,1gMxiQQSg5zeu4htBosASY,2015-11-13
28478,4hJfmMjy3wFIOknfYwhouY,Wolves,Made In The A.M.,One Direction,0.114,0.627,241533.0,0.818,0.0,5.0,0.0504,-4.243,1.0,0.057,123.456,4.0,0.527,1gMxiQQSg5zeu4htBosASY,2015-11-13
28479,5omYVLodGmaxnhua99xIE8,A.M.,Made In The A.M.,One Direction,0.227,0.586,209040.0,0.527,0.0,3.0,0.0963,-4.905,1.0,0.0309,141.839,4.0,0.506,1gMxiQQSg5zeu4htBosASY,2015-11-13
30760,0yD66650JxhqKbW76C2qCo,Country Girl (Shake It For Me),Tailgates & Tanlines,Luke Bryan,0.0293,0.645,225560.0,0.904,0.0,2.0,0.0834,-4.532,1.0,0.0462,105.97,4.0,0.671,4ybWq0AegFFAvHULAe7q0K,2011-01-01
30761,4ZF2WDTBVFihfTkxfme8JE,Kiss Tomorrow Goodbye,Tailgates & Tanlines,Luke Bryan,0.0064,0.571,203133.0,0.937,0.0,5.0,0.316,-3.467,0.0,0.0365,115.013,4.0,0.584,4ybWq0AegFFAvHULAe7q0K,2011-01-01
30762,3b7CDTKB0SRTmQ6ytYi5vZ,Drunk On You,Tailgates & Tanlines,Luke Bryan,0.178,0.558,213547.0,0.872,0.0,9.0,0.173,-4.401,1.0,0.0449,143.971,4.0,0.472,4ybWq0AegFFAvHULAe7q0K,2011-01-01
30763,6wfaxgakSIQsHcYBzjNggy,Too Damn Young,Tailgates & Tanlines,Luke Bryan,0.409,0.626,216013.0,0.627,0.0,0.0,0.108,-4.915,1.0,0.0265,138.061,4.0,0.371,4ybWq0AegFFAvHULAe7q0K,2011-01-01
30764,0cV4xwUA4ue2deqq4CZFko,I Don't Want This Night To End,Tailgates & Tanlines,Luke Bryan,0.0275,0.616,219973.0,0.728,0.0,9.0,0.228,-4.02,0.0,0.0278,111.934,4.0,0.375,4ybWq0AegFFAvHULAe7q0K,2011-01-01
30765,3cWeVrL36kX4IpJNrwcMOu,You Don't Know Jack,Tailgates & Tanlines,Luke Bryan,0.549,0.593,196267.0,0.549,0.0,5.0,0.141,-7.402,1.0,0.0268,142.004,4.0,0.399,4ybWq0AegFFAvHULAe7q0K,2011-01-01
30766,5khMkG3cj7gdOU5gty38C7,Harvest Time,Tailgates & Tanlines,Luke Bryan,0.0128,0.563,207467.0,0.781,1.32e-06,7.0,0.158,-4.064,1.0,0.0308,141.97,4.0,0.346,4ybWq0AegFFAvHULAe7q0K,2011-01-01
30767,4AkXiViT54tYsgv6rSRpgJ,I Know You're Gonna Be There,Tailgates & Tanlines,Luke Bryan,0.14,0.559,216973.0,0.66,0.0,8.0,0.0955,-4.445,1.0,0.036,155.97,4.0,0.472,4ybWq0AegFFAvHULAe7q0K,2011-01-01
30768,2ureHr8RL277yPUXHJBJPq,Muckalee Creek Water,Tailgates & Tanlines,Luke Bryan,0.0829,0.577,236293.0,0.839,1.62e-06,0.0,0.0999,-3.535,1.0,0.0394,132.063,4.0,0.423,4ybWq0AegFFAvHULAe7q0K,2011-01-01
30769,1wCvUnwMr7bwn99khpCiPf,Tailgate Blues,Tailgates & Tanlines,Luke Bryan,0.149,0.581,223173.0,0.65,0.0,7.0,0.0813,-4.782,1.0,0.026,128.046,4.0,0.64,4ybWq0AegFFAvHULAe7q0K,2011-01-01
30770,3zNpjr7DpfO5AGnndIkpYy,"Been There, Done That",Tailgates & Tanlines,Luke Bryan,0.122,0.528,269813.0,0.86,9.61e-05,0.0,0.0813,-4.109,1.0,0.0338,156.037,4.0,0.641,4ybWq0AegFFAvHULAe7q0K,2011-01-01
30771,3v5SkWGfJgyIJ5o83TC3Kr,Faded Away,Tailgates & Tanlines,Luke Bryan,0.12,0.623,228347.0,0.839,0.0,7.0,0.0674,-5.542,1.0,0.04,140.005,4.0,0.519,4ybWq0AegFFAvHULAe7q0K,2011-01-01
30772,5zpwpAxxrh6mH61YuzIcQP,I Knew You That Way,Tailgates & Tanlines,Luke Bryan,0.555,0.535,212320.0,0.399,0.0,0.0,0.245,-6.688,1.0,0.0271,72.973,4.0,0.211,4ybWq0AegFFAvHULAe7q0K,2011-01-01
31833,73tgFzBug5Ifk1Retdtwk7,Fireworks,Thank Me Later,Drake,0.48,0.649,313280.0,0.759,0.0,0.0,0.151,-6.483,1.0,0.342,92.067,4.0,0.527,6jlrjFR9mJV3jd1IPSplXU,2010-01-01
31834,5bDEA48Dxyxoc3K4Dt7yRE,Karaoke,Thank Me Later,Drake,0.0141,0.767,227960.0,0.646,0.0147,0.0,0.0812,-9.229,1.0,0.118,150.962,4.0,0.952,6jlrjFR9mJV3jd1IPSplXU,2010-01-01
31835,0llA0pYA6GpGk7fTjew0wO,The Resistance,Thank Me Later,Drake,0.817,0.459,225360.0,0.737,0.0,0.0,0.116,-7.924,1.0,0.223,161.584,4.0,0.607,6jlrjFR9mJV3jd1IPSplXU,2010-01-01
31836,6BdgtqiV3oXNqBikezwdvC,Over,Thank Me Later,Drake,0.0113,0.337,233560.0,0.853,0.0,7.0,0.14,-5.611,1.0,0.278,101.034,5.0,0.427,6jlrjFR9mJV3jd1IPSplXU,2010-01-01
31837,7v0hKO3RYhEXt2EPXf4AOS,Show Me A Good Time,Thank Me Later,Drake,0.0432,0.662,210360.0,0.714,0.0,6.0,0.11,-6.027,0.0,0.173,128.344,4.0,0.696,6jlrjFR9mJV3jd1IPSplXU,2010-01-01
31838,75L0qdzRnhwV62UXoNq3pE,Up All Night,Thank Me Later,Drake,0.0141,0.602,234333.0,0.81,7.66e-06,7.0,0.324,-4.653,1.0,0.286,156.325,4.0,0.275,6jlrjFR9mJV3jd1IPSplXU,2010-01-01
31839,3fpTMuD1u3gJlVI4FadVHs,Fancy,Thank Me Later,Drake,0.328,0.652,319387.0,0.894,0.0,0.0,0.354,-5.701,0.0,0.398,87.59,4.0,0.262,6jlrjFR9mJV3jd1IPSplXU,2010-01-01
31840,3d8PDk3B4am5c6TsUCznUW,Shut It Down,Thank Me Later,Drake,0.414,0.584,419307.0,0.445,0.0,0.0,0.158,-9.523,1.0,0.0719,119.917,4.0,0.389,6jlrjFR9mJV3jd1IPSplXU,2010-01-01
31841,5LZ0ZCRXrklIpnzn4Tcyde,Unforgettable,Thank Me Later,Drake,0.111,0.545,213813.0,0.862,0.0,4.0,0.114,-5.104,0.0,0.119,156.107,4.0,0.104,6jlrjFR9mJV3jd1IPSplXU,2010-01-01
31842,0PWQqF5PvqRq0OPLSH0FKI,Light Up,Thank Me Later,Drake,0.102,0.45,274147.0,0.92,0.0,8.0,0.137,-5.945,1.0,0.519,66.454,3.0,0.188,6jlrjFR9mJV3jd1IPSplXU,2010-01-01
31843,1U4mweNwisxNj23ffuC9gO,Miss Me,Thank Me Later,Drake,0.0844,0.474,305520.0,0.867,0.0,11.0,0.334,-6.027,0.0,0.557,153.939,4.0,0.374,6jlrjFR9mJV3jd1IPSplXU,2010-01-01
31844,2G7QCDuRM7rTj0pX21e0xk,Cece's Interlude,Thank Me Later,Drake,0.0498,0.316,154120.0,0.628,5.33e-06,9.0,0.114,-6.832,0.0,0.0395,124.593,5.0,0.24,6jlrjFR9mJV3jd1IPSplXU,2010-01-01
31845,4BycRneKmOs6MhYG9THsuX,Find Your Love,Thank Me Later,Drake,0.0246,0.623,208947.0,0.598,0.0,6.0,0.0324,-5.914,0.0,0.167,96.081,4.0,0.822,6jlrjFR9mJV3jd1IPSplXU,2010-01-01
31846,3cBUv0RIoEyAm2b7qimEY6,Thank Me Now,Thank Me Later,Drake,0.277,0.492,328573.0,0.769,0.0,8.0,0.126,-4.847,1.0,0.423,76.51,4.0,0.762,6jlrjFR9mJV3jd1IPSplXU,2010-01-01
36280,2Bs4jQEGMycglOfWPBqrVG,Steal My Girl,FOUR,One Direction,0.00433,0.536,228133.0,0.768,0.0,10.0,0.114,-5.948,0.0,0.0347,77.217,4.0,0.545,4gCNyS7pidfK3rKWhB3JOY,2014-11-17
36281,7GtGeeChOx4NS77bqK8SUx,Ready to Run,FOUR,One Direction,0.00229,0.524,196053.0,0.831,0.0,2.0,0.171,-4.174,1.0,0.036,115.067,4.0,0.299,4gCNyS7pidfK3rKWhB3JOY,2014-11-17
36282,6HFywc5eQYRRYHYTatCb5Y,Where Do Broken Hearts Go,FOUR,One Direction,0.0014,0.565,229040.0,0.862,0.0,4.0,0.105,-3.715,1.0,0.0326,122.994,4.0,0.647,4gCNyS7pidfK3rKWhB3JOY,2014-11-17
36283,3JjnGLK8IxkNLvo8Lb3KOM,18,FOUR,One Direction,0.22,0.681,248360.0,0.582,0.0,6.0,0.119,-7.76,0.0,0.0313,124.038,4.0,0.221,4gCNyS7pidfK3rKWhB3JOY,2014-11-17
36284,5UgsZiYk1lkEobuPHmRtWm,Girl Almighty,FOUR,One Direction,0.0424,0.508,201853.0,0.895,0.0,9.0,0.198,-3.745,1.0,0.0414,168.941,4.0,0.495,4gCNyS7pidfK3rKWhB3JOY,2014-11-17
36285,0L5gFNrzHyh4OhMwEz6DGS,Fool's Gold,FOUR,One Direction,0.23,0.515,210893.0,0.773,1.29e-06,6.0,0.0938,-4.848,1.0,0.0479,128.001,4.0,0.379,4gCNyS7pidfK3rKWhB3JOY,2014-11-17
36286,5O2P9iiztwhomNh8xkR9lJ,Night Changes,FOUR,One Direction,0.859,0.672,226600.0,0.52,0.0,8.0,0.115,-7.747,1.0,0.0353,120.001,4.0,0.37,4gCNyS7pidfK3rKWhB3JOY,2014-11-17
36287,4JaLkM90MJutDAl5jD9BZX,No Control,FOUR,One Direction,0.0278,0.558,199720.0,0.916,0.0,1.0,0.0296,-3.145,0.0,0.0839,142.984,4.0,0.85,4gCNyS7pidfK3rKWhB3JOY,2014-11-17
36288,34aYkYrY3sXhEU9O4VQgtB,Fireproof,FOUR,One Direction,0.00477,0.681,174080.0,0.864,0.0,3.0,0.122,-3.276,1.0,0.0301,132.929,4.0,0.921,4gCNyS7pidfK3rKWhB3JOY,2014-11-17
36289,4lrC9aBnzlG9U5DDoHMnyt,Spaces,FOUR,One Direction,0.231,0.425,256707.0,0.668,0.0,9.0,0.0681,-7.542,1.0,0.0474,149.924,4.0,0.351,4gCNyS7pidfK3rKWhB3JOY,2014-11-17
36290,6AzCBeiDuUXGXjznBufswB,Stockholm Syndrome,FOUR,One Direction,0.0734,0.678,214720.0,0.933,0.0,2.0,0.0863,-4.959,1.0,0.14,120.572,4.0,0.336,4gCNyS7pidfK3rKWhB3JOY,2014-11-17
36291,6ibWCCEne6WEqDBAv7BeXv,Clouds,FOUR,One Direction,0.0183,0.395,231707.0,0.906,0.0,0.0,0.382,-4.683,1.0,0.0866,147.864,4.0,0.196,4gCNyS7pidfK3rKWhB3JOY,2014-11-17
36292,2skzofTV9Ys3eN70pghEHL,Change Your Ticket,FOUR,One Direction,0.00154,0.59,266600.0,0.944,0.0,10.0,0.322,-4.323,1.0,0.0499,103.991,4.0,0.596,4gCNyS7pidfK3rKWhB3JOY,2014-11-17
36293,23xx852ectQgmp1G78zSpd,Illusion,FOUR,One Direction,0.00205,0.562,194200.0,0.703,0.0,1.0,0.15,-5.457,1.0,0.0361,122.986,4.0,0.538,4gCNyS7pidfK3rKWhB3JOY,2014-11-17
36294,1dD1aarWotVIiFo5gGdMc2,Once in a Lifetime,FOUR,One Direction,0.618,0.554,158320.0,0.335,0.0,5.0,0.0927,-5.513,1.0,0.0281,133.709,4.0,0.298,4gCNyS7pidfK3rKWhB3JOY,2014-11-17
36295,4bqIFmnVAsndYWuXxAwQet,Act My Age,FOUR,One Direction,0.00287,0.495,198653.0,0.883,2.26e-05,6.0,0.0978,-4.722,1.0,0.0402,135.899,4.0,0.642,4gCNyS7pidfK3rKWhB3JOY,2014-11-17
36577,5T7ZFtCcOgkpjxcuaeZbw0,Best Song Ever,Midnight Memories,One Direction,0.0227,0.652,200107.0,0.877,0.0,1.0,0.0789,-2.986,1.0,0.0465,118.491,4.0,0.486,7p1fX8aUySrBdx4WSYspOu,2013-11-25
36578,4nVBt6MZDDP6tRVdQTgxJg,Story of My Life,Midnight Memories,One Direction,0.225,0.6,245493.0,0.663,0.0,3.0,0.119,-5.802,1.0,0.0477,121.07,4.0,0.286,7p1fX8aUySrBdx4WSYspOu,2013-11-25
36579,6twW4ma6w0mOeejejPK0nY,Diana,Midnight Memories,One Direction,0.0604,0.549,184667.0,0.868,0.0,2.0,0.137,-4.319,1.0,0.0614,171.96,4.0,0.755,7p1fX8aUySrBdx4WSYspOu,2013-11-25
36580,5wjmqUGN7vrAqFqDWrywlZ,Midnight Memories,Midnight Memories,One Direction,0.00725,0.432,176320.0,0.868,0.0,6.0,0.233,-2.01,0.0,0.0882,156.128,4.0,0.567,7p1fX8aUySrBdx4WSYspOu,2013-11-25
36581,2afCBiru10AFckfOa49wIa,You & I,Midnight Memories,One Direction,0.22,0.574,237933.0,0.329,0.0,1.0,0.0986,-6.829,1.0,0.0274,130.993,4.0,0.356,7p1fX8aUySrBdx4WSYspOu,2013-11-25
36582,3yhVmOZSpZqnhRrEiYI0EJ,Don't Forget Where You Belong,Midnight Memories,One Direction,0.103,0.54,241000.0,0.711,0.0,7.0,0.0827,-5.717,1.0,0.0255,92.014,4.0,0.292,7p1fX8aUySrBdx4WSYspOu,2013-11-25
36583,3cKM7UXBZmgjEgEBTkaIlU,Strong,Midnight Memories,One Direction,0.0608,0.741,184373.0,0.663,0.0,0.0,0.0931,-7.308,1.0,0.0434,115.013,4.0,0.338,7p1fX8aUySrBdx4WSYspOu,2013-11-25
36584,5Lf9rCqReE9Ri4tZvLRLuy,Happily,Midnight Memories,One Direction,0.0426,0.623,175480.0,0.89,0.0,9.0,0.153,-4.783,1.0,0.0394,117.0,4.0,0.824,7p1fX8aUySrBdx4WSYspOu,2013-11-25
36585,1dQQ2QlnvXUehsRUrukKmf,Right Now,Midnight Memories,One Direction,0.218,0.645,200400.0,0.78,0.0,8.0,0.0919,-5.165,1.0,0.0319,120.008,4.0,0.372,7p1fX8aUySrBdx4WSYspOu,2013-11-25
36586,4lxaurdMyGkt1tOrdwRoVO,Little Black Dress,Midnight Memories,One Direction,0.000467,0.63,157653.0,0.881,0.0,4.0,0.0405,-3.506,1.0,0.0433,121.468,4.0,0.54,7p1fX8aUySrBdx4WSYspOu,2013-11-25
36587,1a0PcmEJAOEp4ZT3YtSLkM,Through the Dark,Midnight Memories,One Direction,0.188,0.568,221733.0,0.691,0.0,9.0,0.0861,-5.225,1.0,0.0306,131.007,4.0,0.396,7p1fX8aUySrBdx4WSYspOu,2013-11-25
36588,2Jfsw01CDT5XetSFROs9v5,Something Great,Midnight Memories,One Direction,0.00793,0.547,236520.0,0.649,0.0,2.0,0.201,-5.039,1.0,0.0298,114.019,4.0,0.361,7p1fX8aUySrBdx4WSYspOu,2013-11-25
36589,0O6VeBiFCwHrpVURJSsGsU,Little White Lies,Midnight Memories,One Direction,0.00726,0.591,197920.0,0.899,0.0,0.0,0.393,-3.768,1.0,0.0536,139.547,4.0,0.446,7p1fX8aUySrBdx4WSYspOu,2013-11-25
36590,4qG3Um3jXlQnaQV1yVo3it,Better Than Words,Midnight Memories,One Direction,0.114,0.627,208667.0,0.839,0.0,11.0,0.534,-5.589,0.0,0.0508,157.993,4.0,0.79,7p1fX8aUySrBdx4WSYspOu,2013-11-25
36591,2pFEbA6GdNxBOMn9Egvowm,Why Don't We Go There,Midnight Memories,One Direction,0.000754,0.523,174360.0,0.939,0.0,8.0,0.0406,-3.311,1.0,0.0454,160.019,4.0,0.788,7p1fX8aUySrBdx4WSYspOu,2013-11-25
36592,3aGJClg6klBoSa0UZnXeMM,Does He Know?,Midnight Memories,One Direction,0.085,0.675,179413.0,0.874,0.0,3.0,0.0573,-4.268,1.0,0.0494,139.021,4.0,0.673,7p1fX8aUySrBdx4WSYspOu,2013-11-25
36593,31tjImR06JCJswXViIvFuk,Alive,Midnight Memories,One Direction,0.001,0.6,161333.0,0.895,0.0,1.0,0.145,-5.807,1.0,0.0468,129.987,4.0,0.383,7p1fX8aUySrBdx4WSYspOu,2013-11-25
36594,6nIE1oCE4udqMGv3bqVNVb,Half a Heart,Midnight Memories,One Direction,0.286,0.515,188547.0,0.714,0.0,0.0,0.118,-4.516,1.0,0.0348,155.954,4.0,0.495,7p1fX8aUySrBdx4WSYspOu,2013-11-25
36885,6KfO5tEll4owFUX2vbFcVG,Intro,Christmas & Chill (EP),Ariana Grande,0.000462,0.707,65693.0,0.325,0.0,2.0,0.119,-11.774,0.0,0.0458,118.975,4.0,0.313,6yi7FjzeCHGVJJAdWRYAmk,2015-12-18
36886,2ZFX853E9oi99D6WaPYUg8,Wit It This Christmas,Christmas & Chill (EP),Ariana Grande,0.124,0.648,161280.0,0.319,0.0,5.0,0.376,-8.314,1.0,0.0352,128.041,4.0,0.398,6yi7FjzeCHGVJJAdWRYAmk,2015-12-18
36887,7zrhy9OhtcO7MdIvbbJiOa,December,Christmas & Chill (EP),Ariana Grande,0.492,0.71,116267.0,0.396,0.0,11.0,0.221,-11.247,0.0,0.0843,89.941,4.0,0.63,6yi7FjzeCHGVJJAdWRYAmk,2015-12-18
36888,6JJ4W13A4Q5yeK4g6OROmg,Not Just On Christmas,Christmas & Chill (EP),Ariana Grande,0.18,0.434,122760.0,0.281,1.01e-05,9.0,0.142,-7.828,1.0,0.0294,128.973,4.0,0.318,6yi7FjzeCHGVJJAdWRYAmk,2015-12-18
36889,4NRF1B6kriUmtXflcVmed7,True Love,Christmas & Chill (EP),Ariana Grande,0.0763,0.561,166253.0,0.368,1.99e-06,8.0,0.1,-7.351,1.0,0.0338,101.978,4.0,0.237,6yi7FjzeCHGVJJAdWRYAmk,2015-12-18
36890,1jhljxXlHw8K9rezXKrnow,Winter Things,Christmas & Chill (EP),Ariana Grande,0.93,0.639,158720.0,0.219,0.0,0.0,0.227,-10.204,1.0,0.0717,74.739,4.0,0.797,6yi7FjzeCHGVJJAdWRYAmk,2015-12-18
41606,0vgFidbP4f2H5ktxmOuV1B,My Ol' Bronco,Spring Break... Checkin' Out,Luke Bryan,0.0298,0.414,193507.0,0.897,0.0,4.0,0.151,-4.279,1.0,0.0796,164.038,4.0,0.798,6OOTRO7lfMvDFQzNXby9i8,2015-03-10
41607,085lgcfCstjd3AjWDAt2OX,Games,Spring Break... Checkin' Out,Luke Bryan,0.179,0.516,176293.0,0.886,0.0,8.0,0.135,-3.368,0.0,0.104,157.907,4.0,0.882,6OOTRO7lfMvDFQzNXby9i8,2015-03-10
41608,3vVJuEZYAMdQrSwgcAEI1b,She Get Me High,Spring Break... Checkin' Out,Luke Bryan,0.0199,0.551,217160.0,0.799,0.0,5.0,0.0548,-4.931,1.0,0.0415,173.938,4.0,0.827,6OOTRO7lfMvDFQzNXby9i8,2015-03-10
41609,18xAyZWOTQ6bGdKNEnIKNP,Spring Breakdown,Spring Break... Checkin' Out,Luke Bryan,0.188,0.524,228320.0,0.88,3.25e-06,1.0,0.13,-3.786,1.0,0.0373,104.011,3.0,0.578,6OOTRO7lfMvDFQzNXby9i8,2015-03-10
41610,08KEj1YKpX8oGtwnLzZav1,Good Lookin' Girl,Spring Break... Checkin' Out,Luke Bryan,0.0541,0.596,224360.0,0.941,1.9e-06,0.0,0.0872,-3.629,1.0,0.0342,141.959,4.0,0.831,6OOTRO7lfMvDFQzNXby9i8,2015-03-10
41611,42ZnBs4m6wHExIHKhHcz9u,Checkin’ Out,Spring Break... Checkin' Out,Luke Bryan,0.583,0.547,211720.0,0.915,0.000733,9.0,0.103,-4.72,1.0,0.0583,165.907,4.0,0.914,6OOTRO7lfMvDFQzNXby9i8,2015-03-10
41612,11cvt0E5v1eNYbO6PTNkOK,You And The Beach,Spring Break... Checkin' Out,Luke Bryan,0.0914,0.536,198987.0,0.849,0.0,7.0,0.14,-4.644,1.0,0.0354,143.895,4.0,0.592,6OOTRO7lfMvDFQzNXby9i8,2015-03-10
41613,2zcKDMkViXbV3k0dyHpXYh,Night One,Spring Break... Checkin' Out,Luke Bryan,0.0612,0.584,233920.0,0.854,2.98e-06,4.0,0.0542,-5.089,0.0,0.0364,111.981,4.0,0.468,6OOTRO7lfMvDFQzNXby9i8,2015-03-10
41614,3AF6fQUuWNKTk4nM87aHrW,Like We Ain't Ever,Spring Break... Checkin' Out,Luke Bryan,0.00376,0.601,198573.0,0.894,3.09e-06,2.0,0.0813,-4.066,1.0,0.041,107.984,4.0,0.587,6OOTRO7lfMvDFQzNXby9i8,2015-03-10
41615,0Yn4ViDYZmogyyknXFdfep,The Sand I Brought To The Beach,Spring Break... Checkin' Out,Luke Bryan,0.00337,0.624,208587.0,0.883,0.0,9.0,0.423,-3.497,1.0,0.0462,114.995,4.0,0.737,6OOTRO7lfMvDFQzNXby9i8,2015-03-10
41616,7z6s46Ty2Gx4KFV6qeldC6,Are You Leaving With Him,Spring Break... Checkin' Out,Luke Bryan,0.0192,0.506,203973.0,0.83,0.0,2.0,0.0775,-4.704,1.0,0.0565,157.746,4.0,0.641,6OOTRO7lfMvDFQzNXby9i8,2015-03-10
41963,03oZejWqXLbKhhM4iTgShq,What Makes You Beautiful,Up All Night,One Direction,0.00851,0.726,198840.0,0.778,0.0,4.0,0.082,-2.483,1.0,0.0784,125.0,4.0,0.868,7qfrZ8W7EbA3Hm5TqrkMtX,2012-05-25
41964,3UT493iwo6kvyL18zvAJE5,Gotta Be You,Up All Night,One Direction,0.367,0.506,244107.0,0.599,0.0,8.0,0.0736,-4.524,1.0,0.0254,84.996,4.0,0.578,7qfrZ8W7EbA3Hm5TqrkMtX,2012-05-25
41965,6tKW2g2So84pCTZXE0Furx,One Thing,Up All Night,One Direction,0.00224,0.711,197187.0,0.721,0.0,2.0,0.0525,-3.79,1.0,0.0282,126.988,4.0,0.675,7qfrZ8W7EbA3Hm5TqrkMtX,2012-05-25
41966,7pWzcvjSSXlGS0Cn790Nb7,More Than This,Up All Night,One Direction,0.0701,0.495,228693.0,0.735,0.0,0.0,0.274,-4.445,1.0,0.0332,151.978,4.0,0.222,7qfrZ8W7EbA3Hm5TqrkMtX,2012-05-25
41967,0UiPtG3O5NxIHDp8uy9jgM,Up All Night,Up All Night,One Direction,0.0227,0.6,192533.0,0.932,0.0,0.0,0.527,-2.16,1.0,0.0576,139.048,4.0,0.569,7qfrZ8W7EbA3Hm5TqrkMtX,2012-05-25
41968,2nKO2ZU9DpUBUKrjTHk2jV,I Wish,Up All Night,One Direction,0.00754,0.626,215293.0,0.865,0.0,7.0,0.115,-3.136,1.0,0.0338,124.031,4.0,0.321,7qfrZ8W7EbA3Hm5TqrkMtX,2012-05-25
41969,5ol6DEWpysoqvPlvq13q8n,Tell Me a Lie,Up All Night,One Direction,0.000179,0.56,195907.0,0.896,1.32e-05,7.0,0.34,-4.735,1.0,0.0563,133.938,4.0,0.657,7qfrZ8W7EbA3Hm5TqrkMtX,2012-05-25
41970,3F6mrGxmwnMJsevsSK86YC,Taken,Up All Night,One Direction,0.00394,0.508,235560.0,0.865,0.0,2.0,0.544,-5.209,1.0,0.032,94.975,4.0,0.643,7qfrZ8W7EbA3Hm5TqrkMtX,2012-05-25
41971,57YTtS0ryAWywzvCaMd5fL,I Want,Up All Night,One Direction,0.0176,0.684,171307.0,0.805,0.0,4.0,0.157,-2.843,0.0,0.0369,128.039,4.0,0.498,7qfrZ8W7EbA3Hm5TqrkMtX,2012-05-25
41972,0eEAEX0VEC68pXQ1PeNzKX,Everything About You,Up All Night,One Direction,0.0109,0.64,215800.0,0.792,0.0,7.0,0.112,-3.573,1.0,0.0369,130.051,4.0,0.77,7qfrZ8W7EbA3Hm5TqrkMtX,2012-05-25
41973,7qClUST3mATKunhOWXvs15,Same Mistakes,Up All Night,One Direction,0.00528,0.474,217053.0,0.665,0.0,8.0,0.267,-5.428,1.0,0.0255,89.981,4.0,0.186,7qfrZ8W7EbA3Hm5TqrkMtX,2012-05-25
41974,3fg1UERgNjYfHETakq27Hs,Save You Tonight,Up All Night,One Direction,0.00621,0.604,204280.0,0.867,0.0,2.0,0.275,-4.209,0.0,0.0546,128.082,4.0,0.489,7qfrZ8W7EbA3Hm5TqrkMtX,2012-05-25
41975,3Fld33fuWTUUmVx9BEkyDx,Stole My Heart,Up All Night,One Direction,0.0883,0.68,204973.0,0.889,0.0,7.0,0.328,-4.335,1.0,0.039,126.916,4.0,0.626,7qfrZ8W7EbA3Hm5TqrkMtX,2012-05-25
41976,0GD0y1mFuOOnFFoHnImoMM,Stand Up,Up All Night,One Direction,0.00662,0.582,173440.0,0.902,0.0,4.0,0.19,-3.647,1.0,0.0622,124.993,4.0,0.91,7qfrZ8W7EbA3Hm5TqrkMtX,2012-05-25
41977,3yAmqW5F28duOyV60VtIgN,Moments,Up All Night,One Direction,0.0309,0.475,262173.0,0.743,0.0,2.0,0.294,-4.955,1.0,0.0497,149.936,4.0,0.247,7qfrZ8W7EbA3Hm5TqrkMtX,2012-05-25
44344,6x44NmhdsmgRzG07kzqOO6,"You Need Me, I Don't Need You - You Need Me EP Version",5,Ed Sheeran,0.692,0.689,245040.0,0.563,0.0,1.0,0.0579,-5.539,1.0,0.275,129.517,4.0,0.819,2hyDesSAYNefikDJXlqhPE,2014-06-23
44345,24ha18yq0t7XnZ9EgJ7HYb,So - You Need Me EP Version,5,Ed Sheeran,0.853,0.521,268760.0,0.133,0.0,10.0,0.35,-10.599,1.0,0.0431,140.077,4.0,0.391,2hyDesSAYNefikDJXlqhPE,2014-06-23
44346,6ThrnYkLPlKar6dUIggR6Q,Be Like You - You Need Me EP Version,5,Ed Sheeran,0.715,0.671,218373.0,0.388,0.0,11.0,0.192,-6.516,1.0,0.0762,105.869,4.0,0.59,2hyDesSAYNefikDJXlqhPE,2014-06-23
44347,4oCmusomhJaDXUF9OttwQ5,The City - You Need Me EP Version,5,Ed Sheeran,0.74,0.689,266280.0,0.369,0.0,8.0,0.122,-7.183,1.0,0.357,102.565,4.0,0.701,2hyDesSAYNefikDJXlqhPE,2014-06-23
44348,0Z0GZkW8QCohqGChLmWixd,Sunburn - You Need Me EP Version,5,Ed Sheeran,0.842,0.533,266053.0,0.17,5.03e-06,7.0,0.113,-11.342,1.0,0.0668,116.852,5.0,0.33,2hyDesSAYNefikDJXlqhPE,2014-06-23
44349,4Ur8TgNrZyUuRBWjsQfgGe,Let It Out - Loose Change EP Version,5,Ed Sheeran,0.645,0.731,231547.0,0.603,0.011,8.0,0.147,-7.656,1.0,0.0378,96.973,4.0,0.619,2hyDesSAYNefikDJXlqhPE,2014-06-23
44350,5YS8NjfOuoFP1vi5wglycc,Homeless - Loose Change EP Version,5,Ed Sheeran,0.519,0.754,210747.0,0.636,0.0,9.0,0.108,-7.129,1.0,0.193,90.001,4.0,0.875,2hyDesSAYNefikDJXlqhPE,2014-06-23
44351,5DizlXTwJjjwxxqGNChcvO,Little Bird - Loose Change EP Version,5,Ed Sheeran,0.569,0.826,226067.0,0.485,0.0,8.0,0.107,-7.424,1.0,0.0354,104.011,4.0,0.278,2hyDesSAYNefikDJXlqhPE,2014-06-23
44352,2Z7RLfJdXXkXUmvMJxkNJo,Sofa - Loose Change EP Version,5,Ed Sheeran,0.14,0.646,199133.0,0.65,9.65e-06,2.0,0.0999,-6.491,1.0,0.0278,100.05,4.0,0.52,2hyDesSAYNefikDJXlqhPE,2014-06-23
44353,1IbGB3FLPDJjBX5i3S57rA,One Night - Loose Change EP Version,5,Ed Sheeran,0.379,0.781,206440.0,0.836,0.0,6.0,0.289,-5.496,0.0,0.0658,94.989,4.0,0.636,2hyDesSAYNefikDJXlqhPE,2014-06-23
44354,7udHOd6OUjUIhSjpTo4cl4,Firefly - Loose Change EP Version,5,Ed Sheeran,0.886,0.602,255000.0,0.31,0.000142,4.0,0.105,-11.469,1.0,0.0373,159.917,4.0,0.36,2hyDesSAYNefikDJXlqhPE,2014-06-23
44355,7cCsAsOKvFdOjQHpADku4O,The City - Live at Sticky Studios; Loose Change EP Version,5,Ed Sheeran,0.507,0.712,306320.0,0.569,0.0,4.0,0.412,-6.032,0.0,0.204,105.032,4.0,0.837,2hyDesSAYNefikDJXlqhPE,2014-06-23
44356,0dQ5jI1SGoAX2QT6N95tad,Firefly - Bravado Dubstep Remix; Loose Change EP Version,5,Ed Sheeran,0.28,0.629,269187.0,0.663,0.711,9.0,0.0811,-10.516,1.0,0.0283,139.982,4.0,0.49,2hyDesSAYNefikDJXlqhPE,2014-06-23
44357,5JTTFF4bKTIqrhRmmOgXXo,Fall - Songs I Wrote With Amy Version,5,Ed Sheeran,0.632,0.559,163273.0,0.283,0.00127,4.0,0.126,-9.827,1.0,0.0323,82.552,4.0,0.188,2hyDesSAYNefikDJXlqhPE,2014-06-23
44358,4I7VRMbaqi6GdSkaSxe1he,Fire Alarms - Songs I Wrote With Amy Version,5,Ed Sheeran,0.772,0.602,144013.0,0.286,0.0,3.0,0.162,-9.886,1.0,0.0296,102.009,4.0,0.379,2hyDesSAYNefikDJXlqhPE,2014-06-23
44359,0xaPq2EZ9pQ9vLuxy6MCHH,Where We Land - Songs I Wrote With Amy Version,5,Ed Sheeran,0.838,0.68,183000.0,0.248,4.86e-06,11.0,0.0907,-11.592,1.0,0.031,119.944,4.0,0.275,2hyDesSAYNefikDJXlqhPE,2014-06-23
44360,4THoSHxiabL1rd59iVWu2T,Cold Coffee - Songs I Wrote With Amy Version,5,Ed Sheeran,0.453,0.544,254227.0,0.529,0.0,6.0,0.131,-6.753,1.0,0.0256,92.936,4.0,0.403,2hyDesSAYNefikDJXlqhPE,2014-06-23
44361,3ICdPHubhqTJ4Lm9NEb2W3,She - Songs I Wrote With Amy Version,5,Ed Sheeran,0.811,0.573,244653.0,0.344,0.0,9.0,0.13,-10.91,1.0,0.0361,157.783,3.0,0.377,2hyDesSAYNefikDJXlqhPE,2014-06-23
44362,3nwbntyppUfLEMorPB40HN,The A Team - Live at the Bedford,5,Ed Sheeran,0.728,0.402,322933.0,0.339,0.0,9.0,0.833,-9.574,1.0,0.0498,83.194,4.0,0.496,2hyDesSAYNefikDJXlqhPE,2014-06-23
44363,0ewWskuCnqrTFvMUqtAQwF,Homeless - Live at the Bedford,5,Ed Sheeran,0.62,0.601,225013.0,0.879,0.0,9.0,0.464,-5.215,1.0,0.0945,99.377,4.0,0.713,2hyDesSAYNefikDJXlqhPE,2014-06-23
44364,4HQcJua3wHJLvBvc3gKJTr,The City - Live at the Bedford,5,Ed Sheeran,0.545,0.602,307760.0,0.8,0.0,7.0,0.656,-5.91,1.0,0.0734,109.921,4.0,0.81,2hyDesSAYNefikDJXlqhPE,2014-06-23
44365,1lG7S133U7vKOXy0n8WeEL,Fall - Live at the Bedford,5,Ed Sheeran,0.807,0.494,151173.0,0.0964,7.13e-05,4.0,0.936,-16.691,1.0,0.0532,86.676,4.0,0.393,2hyDesSAYNefikDJXlqhPE,2014-06-23
44366,2c3PILT3ocB6B47pNzi9qs,Wake Me Up - Live at the Bedford,5,Ed Sheeran,0.792,0.616,300680.0,0.141,0.0,9.0,0.897,-17.161,1.0,0.532,107.874,4.0,0.361,2hyDesSAYNefikDJXlqhPE,2014-06-23
44367,2GGOQWJo7FGEQojc7baekK,"You Need Me, I Don't Need You - Live at the Bedford",5,Ed Sheeran,0.48,0.506,590333.0,0.911,0.0,0.0,0.696,-4.779,1.0,0.23,105.475,4.0,0.781,2hyDesSAYNefikDJXlqhPE,2014-06-23
44368,5cth8vxCckeYgE10nX58re,Lately - Devlin,5,Ed Sheeran,0.0928,0.718,271333.0,0.82,0.0,4.0,0.391,-5.552,0.0,0.103,90.013,4.0,0.329,2hyDesSAYNefikDJXlqhPE,2014-06-23
44369,6dSgNLxLDgTaPQlB15yOOK,You (feat. Wiley),5,Ed Sheeran,0.386,0.799,201587.0,0.532,0.00017,1.0,0.0978,-9.472,0.0,0.0707,100.032,4.0,0.189,2hyDesSAYNefikDJXlqhPE,2014-06-23
44370,77m6ySUV5ZpOdaIsygDYMZ,Family - P Money,5,Ed Sheeran,0.515,0.476,254907.0,0.704,0.0,9.0,0.094,-5.411,0.0,0.278,140.396,4.0,0.297,2hyDesSAYNefikDJXlqhPE,2014-06-23
44371,3MUKlVjVJBvPf4flrDq8KB,Radio (feat. JME),5,Ed Sheeran,0.214,0.693,222653.0,0.833,0.0,6.0,0.117,-5.408,0.0,0.263,99.901,4.0,0.759,2hyDesSAYNefikDJXlqhPE,2014-06-23
44372,7bXTXa2zmMuRZPCBEWcjHw,Little Lady - Mikill Pane,5,Ed Sheeran,0.731,0.437,328653.0,0.5,0.0,9.0,0.157,-7.103,1.0,0.105,85.293,4.0,0.437,2hyDesSAYNefikDJXlqhPE,2014-06-23
44373,0dNt7lZks5TVxiGaCIY1yZ,Drown Me Out (+ Ghetts) - #NAME?,5,Ed Sheeran,0.0282,0.511,261440.0,0.91,0.0,11.0,0.127,-6.186,0.0,0.116,140.147,4.0,0.426,2hyDesSAYNefikDJXlqhPE,2014-06-23
44374,4SVST4FR6Gj74UJCzCiOSX,"Nightmares (feat. Random Impulse, Sway & Wretch 32)",5,Ed Sheeran,0.101,0.855,243000.0,0.678,0.00232,9.0,0.0964,-6.864,1.0,0.052,120.012,4.0,0.429,2hyDesSAYNefikDJXlqhPE,2014-06-23
44375,1O5u4AShfndSLCnVqlV0h2,Goodbye to You - #NAME?,5,Ed Sheeran,0.267,0.64,330200.0,0.664,0.0,1.0,0.329,-7.812,1.0,0.152,140.007,4.0,0.275,2hyDesSAYNefikDJXlqhPE,2014-06-23
46213,6aGjEZ7kq3YXgD0EDt80O5,Live While We're Young,Take Me Home,One Direction,0.0629,0.658,200187.0,0.837,0.0,2.0,0.0969,-2.063,1.0,0.0543,126.015,4.0,0.936,5SxEsi1PNyo1XfEKDYcFKF,2012-11-09
46214,0AkQbXGN4KG34TS7xLrM68,Kiss You,Take Me Home,One Direction,0.0186,0.63,182960.0,0.934,0.0,4.0,0.324,-2.559,1.0,0.0589,89.992,4.0,0.905,5SxEsi1PNyo1XfEKDYcFKF,2012-11-09
46215,7kSLdGdXLey7pzLsWpdg1h,Little Things,Take Me Home,One Direction,0.788,0.707,219640.0,0.222,0.0,7.0,0.205,-11.716,1.0,0.0329,110.095,4.0,0.556,5SxEsi1PNyo1XfEKDYcFKF,2012-11-09
46216,65QVpgBIutEZlpDCi6AH2F,"C'mon, C'mon",Take Me Home,One Direction,0.0123,0.64,164880.0,0.941,0.0,5.0,0.305,-4.008,0.0,0.0893,142.905,4.0,0.761,5SxEsi1PNyo1XfEKDYcFKF,2012-11-09
46217,4RpsltwxERLiq6AXU39Dhx,Last First Kiss,Take Me Home,One Direction,0.0563,0.531,203347.0,0.811,0.0,4.0,0.272,-2.556,1.0,0.0426,82.14,4.0,0.484,5SxEsi1PNyo1XfEKDYcFKF,2012-11-09
46218,5zsYl9Nl4kQmPSjwscVASJ,Heart Attack,Take Me Home,One Direction,0.0136,0.43,176067.0,0.831,0.0,9.0,0.109,-4.781,1.0,0.0692,99.016,4.0,0.616,5SxEsi1PNyo1XfEKDYcFKF,2012-11-09
46219,7MbII8jWqFiTFYU3MPYEfW,Rock Me,Take Me Home,One Direction,0.0354,0.503,200040.0,0.917,0.0,8.0,0.28,-3.595,1.0,0.055,168.018,4.0,0.79,5SxEsi1PNyo1XfEKDYcFKF,2012-11-09
46220,6ugHtf3IModjYQ7dHDuEhO,Change My Mind,Take Me Home,One Direction,0.0519,0.592,212520.0,0.619,0.0,2.0,0.103,-5.205,1.0,0.0279,117.021,4.0,0.517,5SxEsi1PNyo1XfEKDYcFKF,2012-11-09
46221,0SPGL2j5OrG1L7YvP6tT6X,I Would,Take Me Home,One Direction,0.00768,0.72,202200.0,0.711,0.0,4.0,0.243,-5.962,1.0,0.0508,126.452,4.0,0.596,5SxEsi1PNyo1XfEKDYcFKF,2012-11-09
46222,4RC5YmcpCbRsX3AtRzoQeh,Over Again,Take Me Home,One Direction,0.308,0.545,182200.0,0.556,0.0,2.0,0.131,-6.753,1.0,0.062,149.913,4.0,0.55,5SxEsi1PNyo1XfEKDYcFKF,2012-11-09
46223,3kSE08EYzWQSAf6o1v2U4V,Back For You,Take Me Home,One Direction,0.0183,0.567,178373.0,0.919,0.0,2.0,0.111,-2.57,1.0,0.0733,160.036,4.0,0.548,5SxEsi1PNyo1XfEKDYcFKF,2012-11-09
46224,72C7aUQECOhNtnD0AC36ua,They Don't Know About Us,Take Me Home,One Direction,0.135,0.512,201693.0,0.754,0.0,0.0,0.0881,-6.031,1.0,0.055,147.89,4.0,0.336,5SxEsi1PNyo1XfEKDYcFKF,2012-11-09
46225,2LjmbI7LJt0RDg612cBi7U,Summer Love,Take Me Home,One Direction,0.355,0.499,208200.0,0.593,0.0,9.0,0.391,-5.38,1.0,0.031,122.026,4.0,0.286,5SxEsi1PNyo1XfEKDYcFKF,2012-11-09
46226,6HvGBgyevPFMrU3KPSHeRV,She's Not Afraid,Take Me Home,One Direction,0.00908,0.486,190720.0,0.918,0.0,8.0,0.171,-4.002,1.0,0.126,167.635,4.0,0.849,5SxEsi1PNyo1XfEKDYcFKF,2012-11-09
46227,7g4mokbwKr5KXe4QK5YxLg,Loved You First,Take Me Home,One Direction,0.0598,0.696,185280.0,0.892,0.0,2.0,0.419,-4.826,1.0,0.0583,124.016,4.0,0.79,5SxEsi1PNyo1XfEKDYcFKF,2012-11-09
46228,4k4qvQSDrWHeKGtAPbJPYL,Nobody Compares,Take Me Home,One Direction,0.00709,0.657,211293.0,0.809,0.0,11.0,0.0452,-3.982,1.0,0.0347,124.009,4.0,0.859,5SxEsi1PNyo1XfEKDYcFKF,2012-11-09
46229,1UAXlOxY1NXiJpP2sEK102,Still The One,Take Me Home,One Direction,0.013,0.616,182813.0,0.983,0.0,1.0,0.384,-2.287,0.0,0.0718,141.998,4.0,0.769,5SxEsi1PNyo1XfEKDYcFKF,2012-11-09
48387,2ofOe2OaXFpZF5ETbsc7Qu,Honeymoon Avenue,Yours Truly,Ariana Grande,0.214,0.685,339733.0,0.607,0.0,11.0,0.345,-5.301,1.0,0.0431,125.011,4.0,0.455,5xSvNPstcxHtR4ap2vvN8A,2013-01-01
48388,6EIsMa5lbvljYxqCkjZVDi,Baby I,Yours Truly,Ariana Grande,0.0231,0.719,197600.0,0.792,0.0,1.0,0.382,-3.685,1.0,0.035,101.969,4.0,0.499,5xSvNPstcxHtR4ap2vvN8A,2013-01-01
48389,3yiopxxeHuwcpAg4e57Zjt,Right There,Yours Truly,Ariana Grande,0.115,0.605,247080.0,0.838,0.0,7.0,0.113,-3.084,1.0,0.125,156.066,4.0,0.533,5xSvNPstcxHtR4ap2vvN8A,2013-01-01
48390,5yxghrFKJbU7pcaUFEv1Sg,Tattooed Heart,Yours Truly,Ariana Grande,0.413,0.454,194707.0,0.521,0.0,7.0,0.119,-4.143,1.0,0.0285,72.28,4.0,0.235,5xSvNPstcxHtR4ap2vvN8A,2013-01-01
48391,7EpKfPAURnG9OCVer0S30N,Lovin' It,Yours Truly,Ariana Grande,0.108,0.648,180693.0,0.819,0.0,1.0,0.216,-3.806,0.0,0.0425,94.008,4.0,0.446,5xSvNPstcxHtR4ap2vvN8A,2013-01-01
48392,1xCqIXCApBgcjwRLostpKl,Piano,Yours Truly,Ariana Grande,0.16,0.732,234427.0,0.812,0.0,4.0,0.751,-4.246,1.0,0.0762,119.953,4.0,0.725,5xSvNPstcxHtR4ap2vvN8A,2013-01-01
48393,7c86ULTZD9eNdAbJDQLRaC,Daydreamin',Yours Truly,Ariana Grande,0.189,0.679,211293.0,0.655,0.0,7.0,0.556,-5.976,1.0,0.0334,114.052,3.0,0.3,5xSvNPstcxHtR4ap2vvN8A,2013-01-01
48394,06EL94D0TA27Ik0Ke5usbj,The Way,Yours Truly,Ariana Grande,0.325,0.644,227027.0,0.879,0.0,5.0,0.0742,-3.179,0.0,0.147,82.518,4.0,0.83,5xSvNPstcxHtR4ap2vvN8A,2013-01-01
48395,4PqIj0WOfPAq4QAvisjgpd,You’ll Never Know,Yours Truly,Ariana Grande,0.0554,0.766,214280.0,0.847,0.0,6.0,0.0361,-3.795,1.0,0.0616,105.006,4.0,0.853,5xSvNPstcxHtR4ap2vvN8A,2013-01-01
48396,63bo7NDoWdMFXufhsYOxwG,Almost Is Never Enough,Yours Truly,Ariana Grande,0.831,0.4,327773.0,0.337,0.0,2.0,0.0934,-7.404,1.0,0.0355,108.196,5.0,0.352,5xSvNPstcxHtR4ap2vvN8A,2013-01-01
48397,3iugMJEdfE58OpI7WGM38w,Popular Song,Yours Truly,Ariana Grande,0.167,0.666,200213.0,0.81,0.0,8.0,0.0602,-4.541,1.0,0.0478,99.007,4.0,0.81,5xSvNPstcxHtR4ap2vvN8A,2013-01-01
48398,5Pnny78GESkBSLnxFmhRYZ,Better Left Unsaid,Yours Truly,Ariana Grande,0.0442,0.59,211227.0,0.818,0.000178,9.0,0.099,-3.849,1.0,0.0335,130.052,4.0,0.274,5xSvNPstcxHtR4ap2vvN8A,2013-01-01
53345,49WNdS1zw5NjaqMNEARcWO,Don't - Rick Ross Remix,Don't (EP),Ed Sheeran,0.0147,0.8,257216.0,0.63,0.0,1.0,0.559,-7.103,1.0,0.122,95.046,4.0,0.822,2oVtDZf7Xk3gLY7qN78asX,2014-08-12
53346,4AkzT3wKLjlk0HDpZ5Bqvl,Be My Husband - Live From Glastonbury,Don't (EP),Ed Sheeran,0.719,0.483,470310.0,0.81,0.0,10.0,0.926,-6.184,0.0,0.28,113.123,4.0,0.564,2oVtDZf7Xk3gLY7qN78asX,2014-08-12
53347,1k5Fru5iZKKlgWOQCv35kQ,Everything You Are,Don't (EP),Ed Sheeran,0.362,0.629,238657.0,0.707,0.000159,7.0,0.112,-5.504,1.0,0.0947,173.847,4.0,0.369,2oVtDZf7Xk3gLY7qN78asX,2014-08-12
53348,06mv1npEiuJd706bVUDYXD,Friends,Don't (EP),Ed Sheeran,0.783,0.516,190539.0,0.158,1.32e-06,4.0,0.222,-14.433,1.0,0.0672,93.255,4.0,0.455,2oVtDZf7Xk3gLY7qN78asX,2014-08-12
60432,2HiXyVv2tfjIGJh02brVDY,Suntan City,Spring Break... Here To Party,Luke Bryan,0.00245,0.663,234360.0,0.884,2.05e-06,8.0,0.0977,-4.562,1.0,0.0297,117.004,4.0,0.919,54ZCcmTHjghuPkzFYJzPGf,2013-01-01
60433,5uvK3SW0P0UCCJKWB7eFUp,Just A Sip,Spring Break... Here To Party,Luke Bryan,0.00237,0.584,173200.0,0.922,4.02e-05,9.0,0.125,-3.361,1.0,0.0624,115.007,4.0,0.36,54ZCcmTHjghuPkzFYJzPGf,2013-01-01
60434,3UJvgGaBEJcDqz61mbvqAp,Buzzkill,Spring Break... Here To Party,Luke Bryan,0.0293,0.52,217853.0,0.776,0.0,6.0,0.106,-4.787,1.0,0.0339,144.992,4.0,0.502,54ZCcmTHjghuPkzFYJzPGf,2013-01-01
60435,7mu21H4g5sGUX7n3tGsGig,If You Ain't Here To Party,Spring Break... Here To Party,Luke Bryan,0.0279,0.497,233227.0,0.908,0.0,0.0,0.317,-4.332,1.0,0.0434,160.049,4.0,0.802,54ZCcmTHjghuPkzFYJzPGf,2013-01-01
60436,4HlPqriBjIZV6i6SqKZLqD,Little Bit Later On,Spring Break... Here To Party,Luke Bryan,0.052,0.694,247813.0,0.889,6.39e-06,5.0,0.0645,-5.72,1.0,0.0441,104.984,4.0,0.961,54ZCcmTHjghuPkzFYJzPGf,2013-01-01
60437,7d4i7rPP7koRtUx4qpu1aR,In Love With The Girl,Spring Break... Here To Party,Luke Bryan,0.045,0.465,208467.0,0.898,0.00011,9.0,0.368,-5.324,1.0,0.0412,169.899,4.0,0.698,54ZCcmTHjghuPkzFYJzPGf,2013-01-01
60438,1DjqOYQBYFJq09rCh8rUiM,Shore Thing,Spring Break... Here To Party,Luke Bryan,0.00473,0.588,233480.0,0.876,0.00113,7.0,0.763,-4.598,1.0,0.0333,138.017,4.0,0.813,54ZCcmTHjghuPkzFYJzPGf,2013-01-01
60439,0qlAsHgcSXHw66XjBVrzli,Sorority Girl,Spring Break... Here To Party,Luke Bryan,0.0616,0.625,203413.0,0.872,0.0,7.0,0.443,-4.277,1.0,0.0526,125.949,4.0,0.665,54ZCcmTHjghuPkzFYJzPGf,2013-01-01
60440,1HtjQJXdMTsHYY87eTM1te,Shake The Sand,Spring Break... Here To Party,Luke Bryan,0.141,0.624,268960.0,0.689,2.1e-06,4.0,0.355,-5.746,1.0,0.024,92.997,4.0,0.528,54ZCcmTHjghuPkzFYJzPGf,2013-01-01
60441,1XlQxeWceOaAtmOKxM6YgZ,Love In A College Town,Spring Break... Here To Party,Luke Bryan,0.0063,0.718,203093.0,0.775,0.154,0.0,0.0815,-5.18,1.0,0.0387,116.994,4.0,0.883,54ZCcmTHjghuPkzFYJzPGf,2013-01-01
60442,23uNWyl5lh5PxWJpWNikHR,Wild Weekend,Spring Break... Here To Party,Luke Bryan,0.173,0.561,241733.0,0.913,1.69e-05,5.0,0.204,-5.256,1.0,0.0539,163.964,4.0,0.928,54ZCcmTHjghuPkzFYJzPGf,2013-01-01
60443,3KCc4LETdeA437QN6o3Dbc,Cold Beer Drinker,Spring Break... Here To Party,Luke Bryan,0.021,0.687,230840.0,0.896,0.0,0.0,0.11,-4.7,1.0,0.0362,115.957,4.0,0.864,54ZCcmTHjghuPkzFYJzPGf,2013-01-01
60444,5qXgBfWoo2eK3gAS3ap81K,Spring Break-Up,Spring Break... Here To Party,Luke Bryan,0.00864,0.648,186640.0,0.809,0.0,7.0,0.141,-3.837,1.0,0.0265,115.023,4.0,0.554,54ZCcmTHjghuPkzFYJzPGf,2013-01-01
60445,5N3S6ppQkYlWLd0WuOJUYz,Take My Drunk Ass Home,Spring Break... Here To Party,Luke Bryan,0.12,0.643,202587.0,0.864,0.0,2.0,0.323,-3.969,1.0,0.047,117.982,3.0,0.781,54ZCcmTHjghuPkzFYJzPGf,2013-01-01
67015,1YhFtqwcN138S6ng3MT1nN,Rain Is A Good Thing,Doin' My Thing,Luke Bryan,0.105,0.622,176160.0,0.932,2.37e-06,11.0,0.328,-4.66,0.0,0.0498,108.051,4.0,0.519,13pqUKo7eRvMKFGpfCGyEF,2009-01-01
67016,0HUOAHxzaYQNnTolMEXCrF,Doin' My Thing,Doin' My Thing,Luke Bryan,0.0157,0.655,189413.0,0.888,0.000255,5.0,0.135,-5.14,1.0,0.0444,118.973,4.0,0.767,13pqUKo7eRvMKFGpfCGyEF,2009-01-01
67017,7A5CReD6yWe0rrkJym34QI,Do I,Doin' My Thing,Luke Bryan,0.257,0.581,239413.0,0.691,0.0,9.0,0.11,-5.33,1.0,0.0333,137.985,4.0,0.299,13pqUKo7eRvMKFGpfCGyEF,2009-01-01
67018,4VYLBtOHx9WYSFXHYnzVbN,What Country Is,Doin' My Thing,Luke Bryan,0.0932,0.562,194227.0,0.772,0.0,10.0,0.0873,-4.068,1.0,0.0362,148.126,4.0,0.77,13pqUKo7eRvMKFGpfCGyEF,2009-01-01
67019,7DkzLcSXS4KhSvbvIJja3M,Someone Else Calling You Baby,Doin' My Thing,Luke Bryan,0.052,0.498,229253.0,0.916,1.31e-06,8.0,0.0734,-3.728,1.0,0.0662,115.045,4.0,0.352,13pqUKo7eRvMKFGpfCGyEF,2009-01-01
67020,3L96dYfVyRBBfsDJJJE0Bl,Welcome To The Farm,Doin' My Thing,Luke Bryan,0.149,0.576,267440.0,0.869,3.81e-05,0.0,0.249,-4.156,1.0,0.0492,117.996,4.0,0.434,13pqUKo7eRvMKFGpfCGyEF,2009-01-01
67021,5Q87J0EX7neuWEqybXQhfr,Apologize,Doin' My Thing,Luke Bryan,0.0521,0.593,172347.0,0.667,0.0,3.0,0.0851,-5.066,1.0,0.0297,127.991,4.0,0.291,13pqUKo7eRvMKFGpfCGyEF,2009-01-01
67022,6Y8ZCZEM44c7VRIHInw2UC,Every Time I See You,Doin' My Thing,Luke Bryan,0.0176,0.487,245533.0,0.875,0.000969,7.0,0.0646,-4.377,1.0,0.0812,116.028,4.0,0.375,13pqUKo7eRvMKFGpfCGyEF,2009-01-01
67023,3jvrHHVSoWCZqGNSnfplb5,Chuggin' Along,Doin' My Thing,Luke Bryan,0.0149,0.503,179333.0,0.892,0.0,6.0,0.145,-4.375,0.0,0.0436,162.133,4.0,0.724,13pqUKo7eRvMKFGpfCGyEF,2009-01-01
67024,6e8qN87ByKix1YKLAZivpG,I Did It Again,Doin' My Thing,Luke Bryan,0.0058,0.551,289120.0,0.61,6.41e-06,4.0,0.172,-5.573,1.0,0.0276,140.157,3.0,0.462,13pqUKo7eRvMKFGpfCGyEF,2009-01-01
67025,4TkVE9FZudrKDdchZNTMqL,Drinkin' Beer And Wastin' Bullets,Doin' My Thing,Luke Bryan,0.0126,0.493,259640.0,0.75,1.73e-05,7.0,0.0968,-4.748,0.0,0.0327,131.984,4.0,0.246,13pqUKo7eRvMKFGpfCGyEF,2009-01-01
67743,539dFCMA8lfEElDPgGpcIB,All My Friends Say,I'll Stay Me,Luke Bryan,0.0439,0.683,242800.0,0.9,0.0,9.0,0.177,-4.422,1.0,0.0333,117.036,4.0,0.962,2WqHN90AQgk95Str6hWCt9,2007-01-01
67744,2FUa2essTfRqMXwa4A7TpN,Baby's On The Way,I'll Stay Me,Luke Bryan,0.00485,0.669,200760.0,0.781,0.0,8.0,0.0543,-5.486,1.0,0.0241,105.031,4.0,0.818,2WqHN90AQgk95Str6hWCt9,2007-01-01
67745,2D5PdRwBfA60PwTlM3J1vp,The Car In Front Of Me,I'll Stay Me,Luke Bryan,0.0586,0.457,220680.0,0.463,0.0,7.0,0.112,-6.798,1.0,0.0259,156.107,4.0,0.138,2WqHN90AQgk95Str6hWCt9,2007-01-01
67746,7eOizXz9BZ7Vc6Scgwh1hC,Pray About Everything,I'll Stay Me,Luke Bryan,0.0187,0.628,196493.0,0.863,0.0,4.0,0.0976,-4.384,1.0,0.0399,105.94,4.0,0.719,2WqHN90AQgk95Str6hWCt9,2007-01-01
67747,1QQfaiXS55IQt0kojVUvTP,We Rode In Trucks,I'll Stay Me,Luke Bryan,0.0291,0.544,270853.0,0.713,0.0,4.0,0.0648,-6.365,1.0,0.0274,145.994,4.0,0.665,2WqHN90AQgk95Str6hWCt9,2007-01-01
67748,2v9nohwtiP1ir6nAwCZ6lD,I'll Stay Me,I'll Stay Me,Luke Bryan,0.0683,0.537,182373.0,0.775,0.0,4.0,0.149,-5.846,1.0,0.0404,187.996,4.0,0.937,2WqHN90AQgk95Str6hWCt9,2007-01-01
67749,2CKtqXjVa5tEFZkIqWTg5c,First Love Song,I'll Stay Me,Luke Bryan,0.0248,0.53,276520.0,0.633,0.0,11.0,0.0929,-5.264,1.0,0.0255,142.024,4.0,0.443,2WqHN90AQgk95Str6hWCt9,2007-01-01
67750,4xfezXafYzsy7G4KfXQ9G5,Country Man,I'll Stay Me,Luke Bryan,0.031,0.739,190227.0,0.836,0.0,4.0,0.494,-4.433,1.0,0.0307,120.001,4.0,0.858,2WqHN90AQgk95Str6hWCt9,2007-01-01
67751,7FJYn36UMaN5FydYgTs935,Over The River,I'll Stay Me,Luke Bryan,0.00455,0.653,233973.0,0.851,0.0,9.0,0.336,-5.469,1.0,0.0274,108.526,4.0,0.669,2WqHN90AQgk95Str6hWCt9,2007-01-01
67752,7yziyp0vKmMd19uQO9gOqF,You Make Me Want To,I'll Stay Me,Luke Bryan,0.00177,0.68,209747.0,0.695,3.83e-06,5.0,0.0824,-6.807,1.0,0.0254,94.975,4.0,0.849,2WqHN90AQgk95Str6hWCt9,2007-01-01
67753,3K58q0qKUQTvQkQrLfCFuy,Tackle Box,I'll Stay Me,Luke Bryan,0.0232,0.581,242547.0,0.581,0.0,4.0,0.115,-6.438,1.0,0.0265,78.5,4.0,0.475,2WqHN90AQgk95Str6hWCt9,2007-01-01
104222,1v24T2ug4TlssYZvI3aL4O,Lust For Life,So Far Gone (EP),Drake,0.939,0.462,176179.0,0.422,0.0327,6.0,0.108,-10.381,1.0,0.175,87.364,4.0,0.0853,1LShhEEKRT5MNPcO7jtYHh,2019-02-15
104223,3XLSlQLJf3Ut0zvMUxnF1h,Houstatlantavegas,So Far Gone (EP),Drake,0.393,0.683,290791.0,0.695,0.00124,1.0,0.124,-6.798,0.0,0.0574,135.337,4.0,0.406,1LShhEEKRT5MNPcO7jtYHh,2019-02-15
104224,6NwhtCYkfwWlcR62Ac4E7y,Successful (feat. Trey Songz & Lil Wayne),So Far Gone (EP),Drake,0.536,0.562,375050.0,0.544,0.0,8.0,0.17,-5.065,1.0,0.369,159.517,4.0,0.231,1LShhEEKRT5MNPcO7jtYHh,2019-02-15
104225,4FDSPGncHRpr6yB8DD4CtI,Let’s Call It Off (feat. Peter Bjorn and John),So Far Gone (EP),Drake,0.00427,0.79,234176.0,0.731,0.29,9.0,0.157,-4.607,0.0,0.0327,127.403,4.0,0.938,1LShhEEKRT5MNPcO7jtYHh,2019-02-15
104226,0JaVdpmiex2EP7bBzyKVTa,November 18th,So Far Gone (EP),Drake,0.579,0.749,188189.0,0.476,0.0,11.0,0.1,-11.147,0.0,0.507,71.937,4.0,0.534,1LShhEEKRT5MNPcO7jtYHh,2019-02-15
104227,2hcohLIysMxofYziluXCoX,Ignant Shit (feat. Lil Wayne),So Far Gone (EP),Drake,0.186,0.591,302492.0,0.846,0.0,7.0,0.463,-3.687,1.0,0.276,94.795,4.0,0.121,1LShhEEKRT5MNPcO7jtYHh,2019-02-15
104228,3lkkkYc1wBj5l3FVlpqvP6,A Night Off (feat. Lloyd),So Far Gone (EP),Drake,0.374,0.611,193963.0,0.508,3.87e-06,11.0,0.168,-5.573,0.0,0.0741,103.612,4.0,0.368,1LShhEEKRT5MNPcO7jtYHh,2019-02-15
104229,7mPoCVGP752A5DtHf1SKkM,Say What's Real,So Far Gone (EP),Drake,0.632,0.462,230717.0,0.773,0.0,8.0,0.212,-5.375,1.0,0.288,86.157,4.0,0.455,1LShhEEKRT5MNPcO7jtYHh,2019-02-15
104230,524wvipGqxPKYWxkjf9y46,Little Bit (feat. Lykke Li),So Far Gone (EP),Drake,0.0999,0.758,230484.0,0.888,0.0336,11.0,0.661,-4.899,0.0,0.0374,120.392,4.0,0.771,1LShhEEKRT5MNPcO7jtYHh,2019-02-15
104231,3QLjDkgLh9AOEHlhQtDuhs,Best I Ever Had,So Far Gone (EP),Drake,0.19,0.395,257690.0,0.922,0.0,1.0,0.134,-2.176,1.0,0.375,162.361,4.0,0.558,1LShhEEKRT5MNPcO7jtYHh,2019-02-15
104232,2TWSilrWcTrgVKcP8kfEfg,Unstoppable (feat. Santigold & Lil Wayne),So Far Gone (EP),Drake,0.165,0.774,209957.0,0.912,0.0,2.0,0.745,-2.787,0.0,0.347,150.083,4.0,0.821,1LShhEEKRT5MNPcO7jtYHh,2019-02-15
104233,0q7LGcVSpsIoSbjChtZ8lI,Uptown (feat. Bun B & Lil Wayne),So Far Gone (EP),Drake,0.00391,0.416,382262.0,0.824,0.0,1.0,0.104,-3.075,1.0,0.343,85.433,5.0,0.417,1LShhEEKRT5MNPcO7jtYHh,2019-02-15
104234,43iKgGbmfqPLh3mxUlospI,Sooner Than Later,So Far Gone (EP),Drake,0.178,0.616,262047.0,0.501,1.2e-05,5.0,0.105,-5.722,0.0,0.24,94.554,4.0,0.506,1LShhEEKRT5MNPcO7jtYHh,2019-02-15
104235,4i3GraNMzBKze1WsVl38DS,Bria's Interlude (feat. Omarion),So Far Gone (EP),Drake,0.209,0.49,139575.0,0.507,0.00104,2.0,0.119,-6.205,0.0,0.0849,147.037,3.0,0.237,1LShhEEKRT5MNPcO7jtYHh,2019-02-15
104236,6MlGqWzDiLkZ0vmAEsisEk,The Calm,So Far Gone (EP),Drake,0.819,0.471,243724.0,0.784,1.13e-05,11.0,0.107,-8.25,0.0,0.883,160.833,4.0,0.258,1LShhEEKRT5MNPcO7jtYHh,2019-02-15
104237,6hHKFReuQR9VQp39ev43wY,Outro (feat. Chilly Gonzales),So Far Gone (EP),Drake,0.988,0.397,174398.0,0.0906,0.856,5.0,0.344,-21.655,1.0,0.054,185.167,4.0,0.136,1LShhEEKRT5MNPcO7jtYHh,2019-02-15
104238,4XTXamS1g4g93jPxyuFJJ6,Brand New,So Far Gone (EP),Drake,0.631,0.399,213492.0,0.491,0.0,6.0,0.171,-8.992,1.0,0.0714,94.542,3.0,0.356,1LShhEEKRT5MNPcO7jtYHh,2019-02-15
104239,3SnXwQUrvSacFziUYXTNKY,Congratulations,So Far Gone (EP),Drake,0.0185,0.333,332530.0,0.859,0.0,6.0,0.22,-2.286,1.0,0.148,86.882,5.0,0.125,1LShhEEKRT5MNPcO7jtYHh,2019-02-15
